"month","day","week","observer","transect","quadrat","location_m","side","num_units","floral_unit","unit_size","cover_pct","colour","family","genus","species","infraspecies","origin","nectar","area_cm_2","notes","lookup_helper"
5,24,1,"Phoebe","CHP",1,12,"L",4,"head","medium",1,"yellow","Asteraceae","Hypochaeris","radicata",NA,"Non-native","Y",NA,NA,"Hypochaeris radicata NA"
5,24,1,"Phoebe","CHP",1,12,"L",34,"flr","small",1,"purple","Amaryllidaceae","Allium","acuminatum",NA,"Native",NA,NA,NA,"Allium acuminatum NA"
5,24,1,"Phoebe","CHP",2,101,"L",3,"head","medium",1,"yellow","Asteraceae","Hypochaeris","radicata",NA,"Non-native","Y",NA,NA,"Hypochaeris radicata NA"
5,24,1,"Phoebe","CHP",2,101,"L",12,"flr","small",1,"white","Asparagaceae","Triteleia","hyacinthina",NA,"Native",NA,NA,NA,"Triteleia hyacinthina NA"
5,24,1,"Phoebe","CHP",3,267,"R",0,NA,NA,0,NA,NA,NA,NA,NA,NA,NA,0,NA,"NA NA NA"
5,24,1,"Phoebe","CHP",4,359,"L",0,NA,NA,0,NA,NA,NA,NA,NA,NA,NA,0,NA,"NA NA NA"
5,24,1,"Phoebe","CHP",5,417,"R",36,"flr","small",1,"white","Apiaceae","Osmorhiza","berteroi",NA,"Native",NA,NA,NA,"Osmorhiza berteroi NA"
5,24,1,"Phoebe","RBG",1,5,"L",7,"infl","small",1,"yellow","Fabaceae","Medicago","lupulina",NA,"Non-native",NA,NA,NA,"Medicago lupulina NA"
5,24,1,"Phoebe","RBG",2,115,"L",2,"flr","small",1,"purple","Geraniaceae","Geranium","dissectum",NA,"Non-native",NA,NA,NA,"Geranium dissectum NA"
5,24,1,"Phoebe","RBG",3,237,"L",18,"head","medium",2,"white","Fabaceae","Trifolium","repens",NA,"Non-native","Y",NA,NA,"Trifolium repens NA"
5,24,1,"Phoebe","RBG",4,378,"R",0,NA,NA,0,NA,NA,NA,NA,NA,NA,NA,0,NA,"NA NA NA"
5,24,1,"Phoebe","RBG",5,460,"R",2,"flr","medium",1,"yellow","Ranunculaceae","Ranunculus","repens",NA,"Non-native","Y",NA,NA,"Ranunculus repens NA"
5,24,1,"Phoebe","RBG",5,460,"R",1,"flr","small",1,"purple","Fabaceae","Vicia","sativa",NA,"Non-native",NA,NA,NA,"Vicia sativa NA"
5,24,1,"Phoebe","BHT",1,40,"L",6,"infl","small",1,"yellow","Apiaceae","Sanicula","crassicaulis",NA,"Native",NA,NA,NA,"Sanicula crassicaulis NA"
5,24,1,"Phoebe","BHT",2,184,"R",0,NA,NA,0,NA,NA,NA,NA,NA,NA,NA,0,NA,"NA NA NA"
5,24,1,"Phoebe","BHT",3,268,"R",3,"infl","medium",1,"yellow","Apiaceae","Lomatium","utriculatum",NA,"Native",NA,NA,NA,"Lomatium utriculatum NA"
5,24,1,"Phoebe","BHT",4,310,"R",110,"infl","medium",4,"yellow","Apiaceae","Lomatium","nudicaule",NA,"Native",NA,NA,NA,"Lomatium nudicaule NA"
5,24,1,"Phoebe","BHT",5,459,"L",45,"infl","medium",2,"yellow","Apiaceae","Lomatium","nudicaule",NA,"Native",NA,NA,NA,"Lomatium nudicaule NA"
5,24,1,"Phoebe","BHT",5,459,"L",70,"flr","small",2,"yellow","Orobanchaceae","Rhinanthus","minor",NA,"Native",NA,NA,NA,"Rhinanthus minor NA"
5,24,1,"Phoebe","HRP",1,77,"R",12,"flr","small",1,"white","Primulaceae","Lysimachia","latifolia",NA,"Native",NA,NA,NA,"Lysimachia latifolia NA"
5,24,1,"Phoebe","HRP",2,107,"L",4,"flr","small",1,"white","Primulaceae","Lysimachia","latifolia",NA,"Native",NA,NA,NA,"Lysimachia latifolia NA"
5,24,1,"Phoebe","HRP",2,107,"L",2,"flr","medium",1,"white","Rosaceae","Rubus","ursinus",NA,"Native",NA,NA,NA,"Rubus ursinus NA"
5,24,1,"Phoebe","HRP",3,269,"R",0,NA,NA,0,NA,NA,NA,NA,NA,NA,NA,0,NA,"NA NA NA"
5,26,1,"Phoebe","MGT",1,30,"L",111,"flr","medium",2,"purple","Polemoniaceae","Phlox","diffusa",NA,"Native",NA,NA,NA,"Phlox diffusa NA"
5,26,1,"Phoebe","MGT",2,103,"L",4,"flr","medium",1,"white","Rosaceae","Fragaria","virginiana",NA,"Native",NA,NA,NA,"Fragaria virginiana NA"
5,26,1,"Phoebe","CCM",1,63,"L",101,"flr","small",5,"yellow","Ranunculaceae","Ranunculus","repens",NA,"Non-native","Y",NA,NA,"Ranunculus repens NA"
5,26,1,"Phoebe","CCM",2,127,"R",2,"flr","small",1,"yellow","Ranunculaceae","Ranunculus","repens",NA,"Non-native","Y",NA,NA,"Ranunculus repens NA"
5,26,1,"Phoebe","CCM",2,127,"R",55,"stm","medium",2,"yellow","Brassicaceae","Sisymbrium","officinale",NA,"Non-native","Y",NA,NA,"Sisymbrium officinale NA"
5,26,1,"Phoebe","CCM",2,127,"R",10,"infl","small",1,"blue","Boraginaceae","Myosotis","arvensis",NA,"Non-native","Y",NA,"? Maybe sylvatica?","Myosotis arvensis NA"
5,26,1,"Phoebe","CCM",2,127,"R",7,"flr","small",1,"purple","Geraniaceae","Geranium","dissectum",NA,"Non-native",NA,NA,NA,"Geranium dissectum NA"
5,26,1,"Phoebe","CCM",3,255,"L",12,"head","small",2,"white","Asteraceae","Leucanthemum","vulgare",NA,"Non-native","Y",NA,NA,"Leucanthemum vulgare NA"
5,26,1,"Phoebe","CCM",3,255,"L",8,"infl","small",1,"yellow","Fabaceae","Trifolium","dubium",NA,"Non-native",NA,NA,NA,"Trifolium dubium NA"
5,26,1,"Phoebe","CCM",3,255,"L",1,"flr","small",1,"purple","Geraniaceae","Geranium","dissectum",NA,"Non-native",NA,NA,NA,"Geranium dissectum NA"
5,26,1,"Phoebe","CCM",4,388,"R",203,"flr","small",5,"yellow","Ranunculaceae","Ranunculus","repens",NA,"Non-native","Y",NA,NA,"Ranunculus repens NA"
5,26,1,"Phoebe","CCM",5,472,"R",32,"flr","small",1,"yellow","Ranunculaceae","Ranunculus","repens",NA,"Non-native","Y",NA,NA,"Ranunculus repens NA"
5,26,1,"Phoebe","CCM",5,472,"R",17,"infl","small",1,"white","Brassicaceae","Lepidium","campestre",NA,"Non-native",NA,NA,NA,"Lepidium campestre NA"
5,27,1,"Phoebe","ABR",1,86,"R",0,NA,NA,0,NA,NA,NA,NA,NA,NA,NA,0,NA,"NA NA NA"
5,27,1,"Phoebe","ABR",2,170,"R",3,"infl","large",2,"purple","Fabaceae","Lupinus","sericeus",NA,"Native",NA,NA,NA,"Lupinus sericeus NA"
5,27,1,"Phoebe","ABR",3,212,"R",92,"infl","small",1,"yellow","Fabaceae","Medicago","lupulina",NA,"Non-native",NA,NA,NA,"Medicago lupulina NA"
5,27,1,"Phoebe","ABR",4,354,"R",1,"head","medium",1,"yellow","Asteraceae","Taraxacum",NA,NA,NA,"Y",NA,"Taxonomy","Taraxacum NA NA"
5,27,1,"Phoebe","ABR",5,481,"R",1,"infl","large",1,"purple","Fabaceae","Lupinus","sericeus",NA,"Native",NA,NA,NA,"Lupinus sericeus NA"
5,27,1,"Phoebe","ABR",5,481,"R",3,"infl","small",1,"yellow","Fabaceae","Medicago","lupulina",NA,"Non-native",NA,NA,NA,"Medicago lupulina NA"
5,27,1,"Phoebe","OHRb",1,3,"L",15,"flr","small",1,"yellow","Rosaceae","Potentilla","argentea",NA,"Non-native",NA,NA,NA,"Potentilla argentea NA"
5,27,1,"Phoebe","OHRb",2,200,"L",7,"flr","medium",1,"purple","Fabaceae","Vicia","americana",NA,"Native",NA,NA,NA,"Vicia americana NA"
5,27,1,"Phoebe","OHRb",3,244,"L",4,"flr","medium",1,"purple","Fabaceae","Vicia","americana",NA,"Native",NA,NA,NA,"Vicia americana NA"
5,27,1,"Phoebe","OHRb",3,244,"L",4,"flr","medium",1,"white","Rosaceae","Drymocallis","convallaria",NA,"Native",NA,NA,NA,"Drymocallis convallaria NA"
5,27,1,"Phoebe","OHRb",3,244,"L",2,"infl","medium",1,"red","Orobanchaceae","Castilleja","hispida",NA,"Native",NA,NA,NA,"Castilleja hispida NA"
5,27,1,"Phoebe","OHRb",4,303,"L",71,"stm","medium",2,"purple","Fabaceae","Astragalus","miser",NA,"Native",NA,NA,NA,"Astragalus miser NA"
5,27,1,"Phoebe","OHRb",5,413,"L",0,NA,NA,0,NA,NA,NA,NA,NA,NA,NA,0,NA,"NA NA NA"
5,28,1,"Phoebe","KSP",1,6,"R",2,"infl","medium",1,"yellow","Brassicaceae","Sisymbrium","loeselii",NA,"Non-native",NA,NA,NA,"Sisymbrium loeselii NA"
5,28,1,"Phoebe","KSP",2,138,"L",0,NA,NA,0,NA,NA,NA,NA,NA,NA,NA,0,NA,"NA NA NA"
5,28,1,"Phoebe","KSP",3,287,"L",0,NA,NA,0,NA,NA,NA,NA,NA,NA,NA,0,NA,"NA NA NA"
5,28,1,"Phoebe","KSP",4,341,"L",2,"infl","medium",1,"purple","Fabaceae","Vicia","villosa",NA,"Non-native",NA,NA,NA,"Vicia villosa NA"
5,28,1,"Phoebe","KSP",5,406,"R",0,NA,NA,0,NA,NA,NA,NA,NA,NA,NA,0,NA,"NA NA NA"
5,28,1,"Phoebe","OKF",1,65,"L",0,NA,NA,0,NA,NA,NA,NA,NA,NA,NA,0,NA,"NA NA NA"
5,28,1,"Phoebe","OKF",2,198,"L",16,"infl","medium",1,"yellow","Brassicaceae","Sisymbrium","loeselii",NA,"Non-native",NA,NA,NA,"Sisymbrium loeselii NA"
5,28,1,"Phoebe","OKF",3,213,"L",1,"infl","medium",1,"yellow","Brassicaceae","Sisymbrium","loeselii",NA,"Non-native",NA,NA,NA,"Sisymbrium loeselii NA"
5,28,1,"Phoebe","OKF",3,213,"L",14,"infl","medium",1,"purple","Fabaceae","Medicago","sativa",NA,"Non-native",NA,NA,NA,"Medicago sativa NA"
5,28,1,"Phoebe","OKF",4,342,"R",0,NA,NA,0,NA,NA,NA,NA,NA,NA,NA,0,NA,"NA NA NA"
5,28,1,"Phoebe","OKF",5,447,"L",5,"infl","medium",1,"yellow","Brassicaceae","Sisymbrium","loeselii",NA,"Non-native",NA,NA,NA,"Sisymbrium loeselii NA"
5,28,1,"Phoebe","KWL",1,23,"R",2,"infl","medium",1,"yellow","Brassicaceae","Sisymbrium","loeselii",NA,"Non-native",NA,NA,"Either S. loeselii or altissimum, both introduced.","Sisymbrium loeselii NA"
5,28,1,"Phoebe","KWL",2,140,"L",28,"infl","small",1,"yellow","Fabaceae","Medicago","lupulina",NA,"Non-native",NA,NA,NA,"Medicago lupulina NA"
5,28,1,"Phoebe","KWL",3,284,"R",39,"infl","medium",4,"yellow","Brassicaceae","Sisymbrium","loeselii",NA,"Non-native",NA,NA,NA,"Sisymbrium loeselii NA"
5,28,1,"Phoebe","KWL",3,284,"R",7,"flr","small",1,"yellow","Brassicaceae","Sisymbrium","altissimum",NA,"Non-native",NA,NA,NA,"Sisymbrium altissimum NA"
5,28,1,"Phoebe","KWL",4,304,"L",32,"infl","medium",2,"yellow","Brassicaceae","Sisymbrium","loeselii",NA,"Non-native",NA,NA,NA,"Sisymbrium loeselii NA"
5,28,1,"Phoebe","KWL",4,304,"L",1,"infl","medium",1,"yellow","Brassicaceae","Sisymbrium","loeselii",NA,"Non-native",NA,NA,NA,"Sisymbrium loeselii NA"
5,28,1,"Phoebe","KWL",5,500,"L",4,"infl","medium",1,"yellow","Brassicaceae","Sisymbrium","loeselii",NA,"Non-native",NA,NA,NA,"Sisymbrium loeselii NA"
5,28,1,"Phoebe","RTT",1,51,"R",0,NA,NA,0,NA,NA,NA,NA,NA,NA,NA,0,NA,"NA NA NA"
5,28,1,"Phoebe","RTT",2,115,"L",50,"infl","large",6,"yellow","Brassicaceae","Sisymbrium","loeselii",NA,"Non-native",NA,NA,NA,"Sisymbrium loeselii NA"
5,28,1,"Phoebe","RTT",3,299,"L",264,"infl","medium",15,"white","Brassicaceae","Berteroa","incana",NA,"Non-native",NA,NA,NA,"Berteroa incana NA"
5,28,1,"Phoebe","RTT",3,299,"L",14,"infl","medium",1,"purple","Fabaceae","Medicago","sativa",NA,"Non-native",NA,NA,NA,"Medicago sativa NA"
5,28,1,"Phoebe","RTT",4,387,"L",34,"infl","large",3,"yellow","Brassicaceae","Sisymbrium","loeselii",NA,"Non-native",NA,NA,NA,"Sisymbrium loeselii NA"
5,28,1,"Phoebe","RTT",4,387,"L",183,"infl","medium",9,"white","Brassicaceae","Berteroa","incana",NA,"Non-native",NA,NA,NA,"Berteroa incana NA"
5,28,1,"Phoebe","RTT",5,456,"L",23,"infl","large",2,"yellow","Brassicaceae","Sisymbrium","loeselii",NA,"Non-native",NA,NA,NA,"Sisymbrium loeselii NA"
5,28,1,"Phoebe","RTT",5,456,"L",134,"infl","medium",6,"white","Brassicaceae","Berteroa","incana",NA,"Non-native",NA,NA,NA,"Berteroa incana NA"
5,29,1,"Phoebe","RRP",1,3,"R",0,NA,NA,0,NA,NA,NA,NA,NA,NA,NA,0,NA,"NA NA NA"
5,29,1,"Phoebe","RRP",2,173,"L",2,"flr","small",1,"pink","Apocynaceae","Apocynum","androsaemifolium",NA,"Native",NA,NA,NA,"Apocynum androsaemifolium NA"
5,29,1,"Phoebe","RRP",3,266,"R",2,"head","medium",1,"yellow","Asteraceae","Crepis","atribarba",NA,"Native",NA,NA,NA,"Crepis atribarba NA"
5,29,1,"Phoebe","RRP",4,382,"L",21,"infl","medium",1,"purple","Fabaceae","Astragalus","miser",NA,"Native",NA,NA,NA,"Astragalus miser NA"
5,29,1,"Phoebe","RRP",4,382,"L",1,"infl","medium",1,"yellow","Melanthiaceae","Toxicoscordion","venenosum",NA,"Native",NA,NA,NA,"Toxicoscordion venenosum NA"
5,29,1,"Phoebe","RRP",5,406,"L",24,"stm","large",10,"white","Asteraceae","Achillea","millefolium",NA,"Non-native","Y",NA,"Achillea","Achillea millefolium NA"
5,29,1,"Phoebe","KMP",1,91,"R",0,NA,NA,0,NA,NA,NA,NA,NA,NA,NA,0,NA,"NA NA NA"
5,29,1,"Phoebe","KMP",2,134,"R",61,"infl","small",1,"yellow","Fabaceae","Medicago","lupulina",NA,"Non-native",NA,NA,NA,"Medicago lupulina NA"
5,29,1,"Phoebe","KMP",3,229,"R",0,NA,NA,0,NA,NA,NA,NA,NA,NA,NA,0,NA,"NA NA NA"
5,29,1,"Phoebe","KMP",4,335,"R",0,NA,NA,0,NA,NA,NA,NA,NA,NA,NA,0,NA,"NA NA NA"
5,29,1,"Phoebe","KMP",5,464,"L",6,"infl","small",1,"purple","Fabaceae","Trifolium","pratense",NA,"Non-native","Y",NA,NA,"Trifolium pratense NA"
5,29,1,"Phoebe","UBC",1,36,"R",6,"infl","medium",1,"purple","Fabaceae","Vicia","villosa",NA,"Non-native",NA,NA,NA,"Vicia villosa NA"
5,29,1,"Phoebe","UBC",2,111,"L",65,"infl","medium",1,"pink","Apocynaceae","Apocynum","androsaemifolium",NA,"Native",NA,NA,NA,"Apocynum androsaemifolium NA"
5,29,1,"Phoebe","UBC",2,111,"L",2,"stm","large",1,"white","Asteraceae","Achillea","millefolium",NA,"Non-native","Y",NA,NA,"Achillea millefolium NA"
5,29,1,"Phoebe","UBC",3,285,"R",0,NA,NA,0,NA,NA,NA,NA,NA,NA,NA,0,NA,"NA NA NA"
5,29,1,"Phoebe","UBC",4,338,"R",0,NA,NA,0,NA,NA,NA,NA,NA,NA,NA,0,NA,"NA NA NA"
5,29,1,"Phoebe","UBC",5,409,"R",2,"stm","large",1,"white","Asteraceae","Achillea","millefolium",NA,"Non-native","Y",NA,NA,"Achillea millefolium NA"
5,29,1,"Phoebe","UBC",5,409,"R",4,"head","large",1,"yellow","Asteraceae","Gaillardia","aristata",NA,"Native",NA,NA,NA,"Gaillardia aristata NA"
5,29,1,"Phoebe","UBC",5,409,"R",9,"infl","medium",1,"purple","Fabaceae","Astragalus","miser",NA,"Native",NA,NA,NA,"Astragalus miser NA"
5,29,1,"Phoebe","PML",1,54,"L",10,"infl","medium",1,"purple","Fabaceae","Medicago","sativa",NA,"Non-native",NA,NA,NA,"Medicago sativa NA"
5,29,1,"Phoebe","PML",2,103,"R",19,"infl","medium",1,"purple","Fabaceae","Medicago","sativa",NA,"Non-native",NA,NA,NA,"Medicago sativa NA"
5,29,1,"Phoebe","PML",3,238,"R",1,"head","large",1,"yellow","Asteraceae","Tragopogon","dubius",NA,"Non-native",NA,NA,NA,"Tragopogon dubius NA"
5,29,1,"Phoebe","PML",3,238,"R",1,"infl","large",1,"yellow","Brassicaceae","Sisymbrium","loeselii",NA,"Non-native",NA,NA,NA,"Sisymbrium loeselii NA"
5,29,1,"Phoebe","PML",4,344,"R",0,NA,NA,0,NA,NA,NA,NA,NA,NA,NA,0,NA,"NA NA NA"
5,29,1,"Phoebe","PML",5,416,"R",1,"head","large",1,"yellow","Asteraceae","Tragopogon","dubius",NA,"Non-native",NA,NA,NA,"Tragopogon dubius NA"
5,30,1,"Phoebe","PSL",1,78,"R",5,"infl","medium",1,"purple","Fabaceae","Medicago","sativa",NA,"Non-native",NA,NA,NA,"Medicago sativa NA"
5,30,1,"Phoebe","PSL",1,78,"R",1,"head","small",1,"yellow","Asteraceae","Heterotheca",NA,NA,"Native",NA,NA,"Taxonomy","Heterotheca NA NA"
5,30,1,"Phoebe","PSL",1,78,"R",1,"head","small",1,"yellow","Asteraceae","Crepis","atribarba",NA,"Native",NA,NA,NA,"Crepis atribarba NA"
5,30,1,"Phoebe","PSL",2,180,"R",0,NA,NA,0,NA,NA,NA,NA,NA,NA,NA,0,NA,"NA NA NA"
5,30,1,"Phoebe","PSL",3,249,"L",0,NA,NA,0,NA,NA,NA,NA,NA,NA,NA,0,NA,"NA NA NA"
5,30,1,"Phoebe","PSL",4,312,"R",50,"infl","medium",2,"purple","Fabaceae","Medicago","sativa",NA,"Non-native",NA,NA,NA,"Medicago sativa NA"
5,30,1,"Phoebe","PSL",5,448,"L",0,NA,NA,0,NA,NA,NA,NA,NA,NA,NA,0,NA,"NA NA NA"
5,30,1,"Phoebe","MMF",1,13,"R",1,"head","medium",1,"yellow","Asteraceae","Taraxacum",NA,NA,NA,"Y",NA,"Taxonomy","Taraxacum NA NA"
5,30,1,"Phoebe","MMF",2,199,"L",10,"infl","small",1,"yellow","Rubiaceae","Galium","boreale",NA,"Native",NA,NA,NA,"Galium boreale NA"
5,30,1,"Phoebe","MMF",3,210,"R",0,NA,NA,0,NA,NA,NA,NA,NA,NA,NA,0,NA,"NA NA NA"
5,30,1,"Phoebe","MMF",4,364,"R",0,NA,NA,0,NA,NA,NA,NA,NA,NA,NA,0,NA,"NA NA NA"
5,30,1,"Phoebe","MMF",5,408,"L",1,"flr","small",1,"white","Rosaceae","Fragaria","virginiana",NA,"Native",NA,NA,NA,"Fragaria virginiana NA"
5,30,1,"Phoebe","KPP",1,51,"R",0,NA,NA,0,NA,NA,NA,NA,NA,NA,NA,0,NA,"NA NA NA"
5,30,1,"Phoebe","KPP",2,152,"L",0,NA,NA,0,NA,NA,NA,NA,NA,NA,NA,0,NA,"NA NA NA"
5,30,1,"Phoebe","KPP",3,221,"L",2,"infl","medium",1,"purple","Fabaceae","Medicago","sativa",NA,"Non-native",NA,NA,NA,"Medicago sativa NA"
5,30,1,"Phoebe","KPP",4,341,"R",48,"infl","medium",1,"purple","Fabaceae","Medicago","sativa",NA,"Non-native",NA,NA,NA,"Medicago sativa NA"
5,30,1,"Phoebe","KPP",5,491,"R",0,NA,NA,0,NA,NA,NA,NA,NA,NA,NA,0,NA,"NA NA NA"
5,31,1,"Shayden","BGP",1,73,"L",0,NA,NA,0,NA,NA,NA,NA,NA,NA,NA,0,NA,"NA NA NA"
5,31,1,"Shayden","BGP",2,101,"R",0,NA,NA,0,NA,NA,NA,NA,NA,NA,NA,0,NA,"NA NA NA"
5,31,1,"Shayden","BGP",3,235,"R",25,"infl","small",1,"yellow","Brassicaceae","Sisymbrium","officinale",NA,"Non-native","Y",NA,NA,"Sisymbrium officinale NA"
5,31,1,"Shayden","BGP",3,235,"R",5,"flr","small",1,"purple","Geraniaceae","Erodium","cicutarium",NA,"Non-native",NA,NA,NA,"Erodium cicutarium NA"
5,31,1,"Shayden","BGP",4,386,"R",5,"infl","small",1,"purple","Fabaceae","Trifolium","pratense",NA,"Non-native","Y",NA,NA,"Trifolium pratense NA"
5,31,1,"Shayden","BGP",4,386,"R",8,"stm","medium",1,"yellow","Hypericaceae","Hypericum","perforatum",NA,"Non-native",NA,NA,NA,"Hypericum perforatum NA"
5,31,1,"Shayden","BGP",5,404,"L",42,"infl","small",3,"purple","Fabaceae","Trifolium","pratense",NA,"Non-native","Y",NA,NA,"Trifolium pratense NA"
6,7,2,"Phoebe","FLT",1,50,"L",0,NA,NA,0,NA,NA,NA,NA,NA,NA,NA,0,NA,"NA NA NA"
6,7,2,"Phoebe","FLT",2,199,"R",10,"flr","medium",1,"yellow","Violaceae","Viola","glabella",NA,"Native",NA,NA,NA,"Viola glabella NA"
6,7,2,"Phoebe","FLT",3,297,"L",0,NA,NA,0,NA,NA,NA,NA,NA,NA,NA,0,NA,"NA NA NA"
6,7,2,"Phoebe","FLT",4,303,"R",4,"stm","medium",1,"white","Caprifoliaceae","Valeriana","sitchensis",NA,"Native",NA,NA,NA,"Valeriana sitchensis NA"
6,7,2,"Phoebe","FLT",5,473,"L",0,NA,NA,0,NA,NA,NA,NA,NA,NA,NA,0,NA,"NA NA NA"
6,7,2,"Phoebe","RRP",1,73,"R",6,"stm","large",2,"yellow","Polygonaceae","Eriogonum","heracleoides",NA,"Native",NA,NA,NA,"Eriogonum heracleoides NA"
6,7,2,"Phoebe","RRP",2,119,"R",2,"stm","large",1,"white","Asteraceae","Achillea","millefolium",NA,"Non-native","Y",NA,NA,"Achillea millefolium NA"
6,7,2,"Phoebe","RRP",3,278,"R",6,"stm","large",1,"white","Rosaceae","Spiraea","lucida",NA,"Native",NA,NA,NA,"Spiraea lucida NA"
6,7,2,"Phoebe","RRP",4,308,"R",0,NA,NA,0,NA,NA,NA,NA,NA,NA,NA,0,NA,"NA NA NA"
6,7,2,"Phoebe","RRP",5,439,"L",17,"infl","small",1,"yellow","Brassicaceae","Sisymbrium","altissimum",NA,"Non-native",NA,NA,NA,"Sisymbrium altissimum NA"
6,7,2,"Phoebe","UBC",1,42,"R",23,"flr","small",1,"yellow","Rosaceae","Potentilla","argentea",NA,"Non-native",NA,NA,NA,"Potentilla argentea NA"
6,7,2,"Phoebe","UBC",1,42,"R",2,"stm","medium",1,"white","Asteraceae","Achillea","millefolium",NA,"Non-native","Y",NA,NA,"Achillea millefolium NA"
6,7,2,"Phoebe","UBC",2,141,"L",11,"flr","medium",1,"yellow","Rosaceae","Potentilla","recta",NA,"Non-native",NA,NA,NA,"Potentilla recta NA"
6,7,2,"Phoebe","UBC",3,286,"L",37,"flr","small",1,"yellow","Rosaceae","Potentilla","argentea",NA,"Non-native",NA,NA,NA,"Potentilla argentea NA"
6,7,2,"Phoebe","UBC",3,286,"L",1,"stm","medium",1,"white","Asteraceae","Achillea","millefolium",NA,"Non-native","Y",NA,NA,"Achillea millefolium NA"
6,7,2,"Phoebe","UBC",4,311,"R",4,"flr","small",1,"yellow","Rosaceae","Potentilla","argentea",NA,"Non-native",NA,NA,NA,"Potentilla argentea NA"
6,7,2,"Phoebe","UBC",4,311,"R",2,"head","small",1,"yellow, purple","Asteraceae","Erigeron","divergens",NA,"Native",NA,NA,"Maybe E. flagellaris? Both native.","Erigeron divergens NA"
6,7,2,"Phoebe","UBC",4,311,"R",8,"infl","small",1,"yellow","Fabaceae","Medicago","lupulina",NA,"Non-native",NA,NA,NA,"Medicago lupulina NA"
6,7,2,"Phoebe","UBC",5,485,"R",14,"flr","small",1,"purple","Fabaceae","Astragalus","miser",NA,"Native",NA,NA,"Added missing family (FI)","Astragalus miser NA"
6,8,2,"Phoebe","RTT",1,17,"L",223,"infl","medium",11,"yellow","Brassicaceae","Sisymbrium","loeselii",NA,"Non-native",NA,NA,NA,"Sisymbrium loeselii NA"
6,8,2,"Phoebe","RTT",1,17,"L",7,"infl","medium",1,"white","Brassicaceae","Berteroa","incana",NA,"Non-native",NA,NA,NA,"Berteroa incana NA"
6,8,2,"Phoebe","RTT",2,104,"L",NA,NA,NA,35,"white","Caryophyllaceae","Gypsophila","paniculata",NA,"Non-native",NA,NA,NA,"Gypsophila paniculata NA"
6,8,2,"Phoebe","RTT",3,229,"L",NA,NA,NA,1,"white","Caryophyllaceae","Gypsophila","paniculata",NA,"Non-native",NA,NA,NA,"Gypsophila paniculata NA"
6,8,2,"Phoebe","RTT",3,229,"L",126,"infl","medium",2,"purple","Fabaceae","Medicago","sativa",NA,"Non-native",NA,NA,"Removed white (FI)","Medicago sativa NA"
6,8,2,"Phoebe","RTT",4,381,"L",96,"infl","medium",3,"white","Brassicaceae","Berteroa","incana",NA,"Non-native",NA,NA,NA,"Berteroa incana NA"
6,8,2,"Phoebe","RTT",4,371,"L",32,"infl","medium",1,"purple","Fabaceae","Medicago","sativa",NA,"Non-native",NA,NA,NA,"Medicago sativa NA"
6,8,2,"Phoebe","RTT",4,371,"L",16,"flr","small",1,"white","Caryophyllaceae","Silene","latifolia",NA,"Non-native","Y",NA,NA,"Silene latifolia NA"
6,8,2,"Phoebe","RTT",4,371,"L",1,"infl","medium",1,"yellow","Brassicaceae","Sisymbrium","loeselii",NA,"Non-native",NA,NA,NA,"Sisymbrium loeselii NA"
6,8,2,"Phoebe","RTT",5,436,"L",178,"infl","medium",3,"white","Brassicaceae","Berteroa","incana",NA,"Non-native",NA,NA,NA,"Berteroa incana NA"
6,8,2,"Phoebe","RTT",5,436,"L",51,"infl","medium",1,"purple","Fabaceae","Medicago","sativa",NA,"Non-native",NA,NA,NA,"Medicago sativa NA"
6,8,2,"Phoebe","JMS",1,38,"R",32,"infl","small",1,"purple","Verbenaceae","Verbena","bracteata",NA,"Native",NA,NA,NA,"Verbena bracteata NA"
6,8,2,"Phoebe","JMS",1,38,"R",28,"infl","medium",2,"yellow","Brassicaceae","Sisymbrium","loeselii",NA,"Non-native",NA,NA,NA,"Sisymbrium loeselii NA"
6,8,2,"Phoebe","JMS",1,38,"R",9,"flr","small",1,"yellow","Brassicaceae","Sisymbrium","altissimum",NA,"Non-native",NA,NA,NA,"Sisymbrium altissimum NA"
6,8,2,"Phoebe","JMS",2,103,"L",21,"infl","medium",1,"medium","Brassicaceae","Sisymbrium","loeselii",NA,"Non-native",NA,NA,NA,"Sisymbrium loeselii NA"
6,8,2,"Phoebe","JMS",2,103,"L",7,"infl","large",1,"white","Caryophyllaceae","Silene","vulgaris",NA,"Non-native",NA,NA,NA,"Silene vulgaris NA"
6,8,2,"Phoebe","JMS",2,103,"L",1,"head","large",1,"yellow","Asteraceae","Tragopogon","dubius",NA,"Non-native",NA,NA,NA,"Tragopogon dubius NA"
6,8,2,"Phoebe","JMS",3,226,"R",4,"infl","medium",1,"yellow","Brassicaceae","Sisymbrium","loeselii",NA,"Non-native",NA,NA,NA,"Sisymbrium loeselii NA"
6,8,2,"Phoebe","JMS",3,226,"R",10,"infl","large",1,"white","Caryophyllaceae","Silene","vulgaris",NA,"Non-native",NA,NA,NA,"Silene vulgaris NA"
6,8,2,"Phoebe","JMS",3,226,"R",265,"infl","medium",5,"purple","Fabaceae","Medicago","sativa",NA,"Non-native",NA,NA,NA,"Medicago sativa NA"
6,8,2,"Phoebe","JMS",4,320,"L",26,"infl","medium",2,"yellow","Brassicaceae","Sisymbrium","loeselii",NA,"Non-native",NA,NA,NA,"Sisymbrium loeselii NA"
6,8,2,"Phoebe","JMS",4,320,"L",2,"head","large",1,"yellow","Asteraceae","Tragopogon","dubius",NA,"Non-native",NA,NA,NA,"Tragopogon dubius NA"
6,8,2,"Phoebe","JMS",5,484,"L",25,"flr","small",1,"yellow","Brassicaceae","Sisymbrium","altissimum",NA,"Non-native",NA,NA,NA,"Sisymbrium altissimum NA"
6,8,2,"Phoebe","JMS",5,484,"L",144,"infl","medium",3,"purple, white","Fabaceae","Medicago","sativa",NA,"Non-native",NA,NA,NA,"Medicago sativa NA"
6,8,2,"Phoebe","PML",1,50,"L",19,"infl","medium",1,"purple","Fabaceae","Medicago","sativa",NA,"Non-native",NA,NA,NA,"Medicago sativa NA"
6,8,2,"Phoebe","PML",2,163,"L",23,"infl","medium",1,"purple","Fabaceae","Medicago","sativa",NA,"Non-native",NA,NA,NA,"Medicago sativa NA"
6,8,2,"Phoebe","PML",3,216,"R",48,"infl","medium",1,"purple","Fabaceae","Medicago","sativa",NA,"Non-native",NA,NA,NA,"Medicago sativa NA"
6,8,2,"Phoebe","PML",4,334,"L",0,NA,NA,0,NA,NA,NA,NA,NA,NA,NA,0,NA,"NA NA NA"
6,8,2,"Phoebe","PML",5,446,"R",0,NA,NA,0,NA,NA,NA,NA,NA,NA,NA,0,NA,"NA NA NA"
6,8,2,"Phoebe","KWL",1,29,"L",71,"infl","medium",1,"purple","Fabaceae","Medicago","sativa",NA,"Non-native",NA,NA,NA,"Medicago sativa NA"
6,8,2,"Phoebe","KWL",2,106,"R",1,"infl","medium",1,"white","Asteraceae","Achillea","millefolium",NA,"Non-native","Y",NA,NA,"Achillea millefolium NA"
6,8,2,"Phoebe","KWL",3,215,"L",11,"flr","small",1,"yellow","Brassicaceae","Sisymbrium","altissimum",NA,"Non-native",NA,NA,NA,"Sisymbrium altissimum NA"
6,8,2,"Phoebe","KWL",3,215,"L",52,"infl","small",1,"yellow","Fabaceae","Medicago","lupulina",NA,"Non-native",NA,NA,NA,"Medicago lupulina NA"
6,8,2,"Phoebe","KWL",4,384,"L",0,NA,NA,0,NA,NA,NA,NA,NA,NA,NA,0,NA,"NA NA NA"
6,8,2,"Phoebe","KWL",5,460,"R",21,"infl","medium",1,"purple, blue","Fabaceae","Medicago","sativa",NA,"Non-native",NA,NA,NA,"Medicago sativa NA"
6,9,2,"Phoebe","KSP",1,3,"L",1,"stm","small",1,"yellow","Plantaginaceae","Linaria","dalmatica",NA,"Non-native",NA,NA,NA,"Linaria dalmatica NA"
6,9,2,"Phoebe","KSP",2,116,"R",4,"infl","small",1,"white","Fabaceae","Melilotus","albus",NA,"Non-native",NA,NA,NA,"Melilotus albus NA"
6,9,2,"Phoebe","KSP",2,116,"R",10,"infl","medium",1,"yellow","Brassicaceae","Sisymbrium","altissimum",NA,"Non-native",NA,NA,NA,"Sisymbrium altissimum NA"
6,9,2,"Phoebe","KSP",3,300,"R",3,"infl","medium",1,"white","Apocynaceae","Apocynum","cannabinum",NA,"Native",NA,NA,NA,"Apocynum cannabinum NA"
6,9,2,"Phoebe","KSP",4,375,"R",1,"stm","medium",1,"yellow","Plantaginaceae","Linaria","dalmatica",NA,"Non-native",NA,NA,NA,"Linaria dalmatica NA"
6,9,2,"Phoebe","KSP",5,422,"R",0,NA,NA,0,NA,NA,NA,NA,NA,NA,NA,0,NA,"NA NA NA"
6,9,2,"Phoebe","KMP",1,74,"L",2,"flr","small",1,"pink","Convolvulaceae","Convolvulus","arvensis",NA,"Non-native",NA,NA,NA,"Convolvulus arvensis NA"
6,9,2,"Phoebe","KMP",2,120,"L",1,"head","small",1,"yellow, white, purple","Asteraceae","Erigeron","philadelphicus",NA,"Native",NA,NA,NA,"Erigeron philadelphicus NA"
6,9,2,"Phoebe","KMP",3,239,"L",0,NA,NA,0,NA,NA,NA,NA,NA,NA,NA,0,NA,"NA NA NA"
6,9,2,"Phoebe","KMP",4,384,"L",8,"infl","small",1,"purple","Fabaceae","Vicia","cracca",NA,"Non-native","Y",NA,NA,"Vicia cracca NA"
6,9,2,"Phoebe","KMP",4,384,"L",2,"infl","small",1,"yellow","Fabaceae","Medicago","lupulina",NA,"Non-native",NA,NA,NA,"Medicago lupulina NA"
6,9,2,"Phoebe","KMP",5,413,"R",13,"infl","medium",1,"white","Brassicaceae","Berteroa","incana",NA,"Non-native",NA,NA,NA,"Berteroa incana NA"
6,9,2,"Phoebe","KMP",5,413,"R",4,"infl","small",1,"yellow","Brassicaceae","Sisymbrium","altissimum",NA,"Non-native",NA,NA,NA,"Sisymbrium altissimum NA"
6,9,2,"Phoebe","KMP",5,413,"R",17,"stm","medium",2,"purple","Boraginaceae","Anchusa","officinalis",NA,"Non-native",NA,NA,NA,"Anchusa officinalis NA"
6,9,2,"Phoebe","OKF",1,70,"R",0,NA,NA,0,NA,NA,NA,NA,NA,NA,NA,0,NA,"NA NA NA"
6,9,2,"Phoebe","OKF",2,136,"L",0,NA,NA,0,NA,NA,NA,NA,NA,NA,NA,0,NA,"NA NA NA"
6,9,2,"Phoebe","OKF",3,263,"R",8,"flr","small",1,"yellow","Rosaceae","Potentilla","recta",NA,"Non-native",NA,NA,NA,"Potentilla recta NA"
6,9,2,"Phoebe","OKF",3,263,"R",5,"infl","medium",1,"purple","Fabaceae","Medicago","sativa",NA,"Non-native",NA,NA,NA,"Medicago sativa NA"
6,9,2,"Phoebe","OKF",4,323,"L",2,"infl","medium",1,"purple","Fabaceae","Medicago","sativa",NA,"Non-native",NA,NA,NA,"Medicago sativa NA"
6,9,2,"Phoebe","OKF",4,323,"L",1,"head","small",1,"yellow","Asteraceae","Tragopogon","dubius",NA,"Non-native",NA,NA,NA,"Tragopogon dubius NA"
6,9,2,"Phoebe","OKF",4,323,"L",3,"stm","large",1,"white","Asteraceae","Achillea","millefolium",NA,"Non-native","Y",NA,NA,"Achillea millefolium NA"
6,9,2,"Phoebe","OKF",5,413,"R",18,"flr","small",1,"yellow","Rosaceae","Potentilla","recta",NA,"Non-native",NA,NA,NA,"Potentilla recta NA"
6,9,2,"Phoebe","OKF",5,413,"R",5,"infl","small",1,"yellow","Fabaceae","Medicago","lupulina",NA,"Non-native",NA,NA,NA,"Medicago lupulina NA"
6,10,2,"Phoebe","MMF",1,43,"L",2,"head","small",1,"yellow","Asteraceae","Taraxacum",NA,NA,NA,"Y",NA,"Taxonomy","Taraxacum NA NA"
6,10,2,"Phoebe","MMF",1,43,"L",2,"infl","medium",1,"purple","Plantaginaceae","Penstemon","procerus",NA,"Native",NA,NA,"This one duskywing was roosting on","Penstemon procerus NA"
6,10,2,"Phoebe","MMF",2,192,"R",1,"flr","small",1,"pink","Ranunculaceae","Anemone","multifida",NA,"Native",NA,NA,NA,"Anemone multifida NA"
6,10,2,"Phoebe","MMF",2,192,"R",2,"infl","small",1,"purple","Fabaceae","Astragalus","miser",NA,"Native",NA,NA,NA,"Astragalus miser NA"
6,10,2,"Phoebe","MMF",3,209,"L",12,"flr","small",1,"white","Caryophyllaceae","Cerastium","arvense",NA,"Native",NA,NA,"Origin depends on subspecies","Cerastium arvense NA"
6,10,2,"Phoebe","MMF",3,209,"L",5,"infl","medium",1,"white","Asteraceae","Antennaria","rosea",NA,"Native",NA,NA,NA,"Antennaria rosea NA"
6,10,2,"Phoebe","MMF",4,325,"L",0,NA,NA,0,NA,NA,NA,NA,NA,NA,NA,0,NA,"NA NA NA"
6,10,2,"Phoebe","MMF",5,474,"R",10,"flr","small",1,"white","Caryophyllaceae","Stellaria","longipes",NA,"Native",NA,NA,NA,"Stellaria longipes NA"
6,10,2,"Phoebe","MMF",5,474,"R",1,"infl","small",1,"purple","Fabaceae","Vicia","americana",NA,"Native",NA,NA,NA,"Vicia americana NA"
6,10,2,"Phoebe","PSL",1,8,"R",3,"infl","small",1,"purple","Fabaceae","Medicago","sativa",NA,"Non-native",NA,NA,NA,"Medicago sativa NA"
6,10,2,"Phoebe","PSL",2,200,"R",81,"infl","medium",1,"purple","Fabaceae","Medicago","sativa",NA,"Non-native",NA,NA,NA,"Medicago sativa NA"
6,10,2,"Phoebe","PSL",3,279,"R",42,"infl","medium",1,"purple","Fabaceae","Medicago","sativa",NA,"Non-native",NA,NA,NA,"Medicago sativa NA"
6,10,2,"Phoebe","PSL",4,359,"L",36,"infl","medium",1,"purple","Fabaceae","Medicago","sativa",NA,"Non-native",NA,NA,NA,"Medicago sativa NA"
6,10,2,"Phoebe","PSL",5,431,"L",0,NA,NA,0,NA,NA,NA,NA,NA,NA,NA,0,NA,"NA NA NA"
6,10,2,"Phoebe","KPP",1,48,"L",1,"stm","large",1,"white","Asteraceae","Achillea","millefolium",NA,"Non-native","Y",NA,NA,"Achillea millefolium NA"
6,10,2,"Phoebe","KPP",2,178,"L",11,"infl","medium",1,"purple","Fabaceae","Medicago","sativa",NA,"Non-native",NA,NA,NA,"Medicago sativa NA"
6,10,2,"Phoebe","KPP",2,178,"L",1,"head","small",1,"yellow","Asteraceae","Crepis","atribarba",NA,"Native",NA,NA,NA,"Crepis atribarba NA"
6,10,2,"Phoebe","KPP",3,258,"R",18,"infl","medium",1,"purple","Fabaceae","Medicago","sativa",NA,"Non-native",NA,NA,NA,"Medicago sativa NA"
6,10,2,"Phoebe","KPP",4,338,"L",62,"infl","medium",2,"purple","Fabaceae","Medicago","sativa",NA,"Non-native",NA,NA,NA,"Medicago sativa NA"
6,10,2,"Phoebe","KPP",5,472,"R",10,"infl","medium",1,"purple","Fabaceae","Medicago","sativa",NA,"Non-native",NA,NA,NA,"Medicago sativa NA"
6,11,2,"Phoebe","ABR",1,70,"R",2,"infl","medium",1,"purple","Fabaceae","Lupinus","sericeus",NA,"Native",NA,NA,NA,"Lupinus sericeus NA"
6,11,2,"Phoebe","ABR",1,70,"R",2,"stm","large",1,"white","Asteraceae","Achillea","millefolium",NA,"Non-native","Y",NA,NA,"Achillea millefolium NA"
6,11,2,"Phoebe","ABR",2,176,"R",397,"infl","small",2,"purple","Fabaceae","Medicago","lupulina",NA,"Non-native",NA,NA,NA,"Medicago lupulina NA"
6,11,2,"Phoebe","ABR",3,214,"R",10,"infl","large",2,"purple","Fabaceae","Lupinus","sericeus",NA,"Native",NA,NA,NA,"Lupinus sericeus NA"
6,11,2,"Phoebe","ABR",3,214,"R",1,"infl","small",1,"pink","Polemoniaceae","Collomia","linearis",NA,"Native",NA,NA,NA,"Collomia linearis NA"
6,11,2,"Phoebe","ABR",4,357,"R",3,"stm","large",1,"white","Asteraceae","Achillea","millefolium",NA,"Non-native","Y",NA,NA,"Achillea millefolium NA"
6,11,2,"Phoebe","ABR",4,357,"R",62,"infl","small",1,"purple","Fabaceae","Medicago","lupulina",NA,"Non-native",NA,NA,NA,"Medicago lupulina NA"
6,11,2,"Phoebe","ABR",4,357,"R",1,"head","medium",1,"yellow","Asteraceae","Taraxacum",NA,NA,NA,"Y",NA,"Taxonomy","Taraxacum NA NA"
6,11,2,"Phoebe","ABR",4,357,"R",5,"flr","small",1,"pink","Polemoniaceae","Collomia","linearis",NA,"Native",NA,NA,NA,"Collomia linearis NA"
6,11,2,"Phoebe","ABR",4,357,"R",2,"flr","small",1,"white","Caryophyllaceae","Arenaria","serpyllifolia",NA,"Non-native",NA,NA,NA,"Arenaria serpyllifolia NA"
6,11,2,"Phoebe","ABR",5,418,"R",16,"infl","small",1,"pink","Polemoniaceae","Collomia","linearis",NA,"Native",NA,NA,NA,"Collomia linearis NA"
6,11,2,"Phoebe","PBM",1,35,"R",5,"infl","small",1,"white","Polemoniaceae","Microsteris","gracilis",NA,"Native",NA,NA,NA,"Microsteris gracilis NA"
6,11,2,"Phoebe","PBM",2,110,"L",25,"infl","small",1,"white","Polemoniaceae","Microsteris","gracilis",NA,"Native",NA,NA,NA,"Microsteris gracilis NA"
6,11,2,"Phoebe","PBM",3,292,"L",4,"infl","small",1,"white","Polemoniaceae","Microsteris","gracilis",NA,"Native",NA,NA,NA,"Microsteris gracilis NA"
6,11,2,"Phoebe","PBM",3,292,"L",22,"flr","small",1,"white","Caryophyllaceae","Cerastium","fontanum",NA,"Non-native","Y",NA,NA,"Cerastium fontanum NA"
6,11,2,"Phoebe","PBM",3,292,"L",4,"infl","small",1,"purple","Brassicaceae","Boechera","divaricarpa",NA,"Native",NA,NA,NA,"Boechera divaricarpa NA"
6,11,2,"Phoebe","PBM",4,312,"L",6,"infl","small",1,"white","Polemoniaceae","Microsteris","gracilis",NA,"Native",NA,NA,NA,"Microsteris gracilis NA"
6,11,2,"Phoebe","PBM",4,312,"L",1,"head","medium",1,"yellow","Asteraceae","Taraxacum",NA,NA,NA,"Y",NA,"Taxonomy","Taraxacum NA NA"
6,11,2,"Phoebe","PBM",5,472,"L",0,NA,NA,0,NA,NA,NA,NA,NA,NA,NA,0,NA,"NA NA NA"
6,11,2,"Phoebe","MGT",1,78,"R",1,"head","medium",1,"yellow","Asteraceae","Taraxacum",NA,NA,NA,"Y",NA,"Taxonomy","Taraxacum NA NA"
6,11,2,"Phoebe","MGT",1,78,"R",1,"infl","small",1,"purple","Fabaceae","Lupinus","arcticus",NA,"Native",NA,NA,NA,"Lupinus arcticus NA"
6,11,2,"Phoebe","MGT",2,162,"R",3,"flr","small",1,"purple","Polemoniaceae","Polemonium","pulcherrimum",NA,"Native",NA,NA,NA,"Polemonium pulcherrimum NA"
6,11,2,"Phoebe","MGT",3,201,"R",29,"flr","medium",1,"purple","Polemoniaceae","Phlox","diffusa",NA,"Native",NA,NA,NA,"Phlox diffusa NA"
6,11,2,"Phoebe","MGT",4,316,"R",3,"inflr","medium",1,"purple","Fabaceae","Lupinus","arcticus",NA,"Native",NA,NA,NA,"Lupinus arcticus NA"
6,11,2,"Phoebe","MGT",4,316,"R",4,"flr","small",1,"white","Caryophyllaceae","Moehringia","macrophylla",NA,"Native",NA,NA,NA,"Moehringia macrophylla NA"
6,11,2,"Phoebe","MGT",5,401,"R",1,"flr","medium",1,"purple","Violaceae","Viola","adunca",NA,"Native",NA,NA,NA,"Viola adunca NA"
6,12,2,"Phoebe","OHR",1,7,"L",37,"infl","medium",1,"purple","Fabaceae","Medicago","sativa",NA,"Non-native",NA,NA,NA,"Medicago sativa NA"
6,12,2,"Phoebe","OHR",1,7,"L",1,"flr","large",1,"yellow","Asteraceae","Tragopogon","dubius",NA,"Non-native",NA,NA,NA,"Tragopogon dubius NA"
6,12,2,"Phoebe","OHR",1,7,"L",28,"flr","small",1,"yellow","Rosaceae","Potentilla","argentea",NA,"Non-native",NA,NA,NA,"Potentilla argentea NA"
6,12,2,"Phoebe","OHR",2,143,"L",8,"infl","small",1,"purple","Fabaceae","Medicago","sativa",NA,"Non-native",NA,NA,NA,"Medicago sativa NA"
6,12,2,"Phoebe","OHR",2,143,"L",90,"infl","medium",2,"pink","Apocynaceae","Apocynum","androsaemifolium",NA,"Native",NA,NA,NA,"Apocynum androsaemifolium NA"
6,12,2,"Phoebe","OHR",3,234,"L",0,NA,NA,0,NA,NA,NA,NA,NA,NA,NA,0,NA,"NA NA NA"
6,12,2,"Phoebe","OHR",4,387,"L",118,"flr","small",1,"yellow","Rosaceae","Potentilla","argentea",NA,"Non-native",NA,NA,NA,"Potentilla argentea NA"
6,12,2,"Phoebe","OHR",4,387,"L",1,"infl","small",1,"pink","Apocynaceae","Apocynum","androsaemifolium",NA,"Native",NA,NA,NA,"Apocynum androsaemifolium NA"
6,12,2,"Phoebe","OHR",5,474,"R",151,"infl","medium",3,"pink","Apocynaceae","Apocynum","androsaemifolium",NA,"Native",NA,NA,NA,"Apocynum androsaemifolium NA"
6,12,2,"Phoebe","CCM",1,47,"R",36,"infl","small",1,"purple","Lamiaceae","Prunella","vulgaris","vulgaris",NA,NA,NA,"Origin depends on ssp","Prunella vulgaris vulgaris"
6,12,2,"Phoebe","CCM",1,47,"R",3,"head","small",1,"yellow","Fabaceae","Trifolium","dubium",NA,"Non-native",NA,NA,NA,"Trifolium dubium NA"
6,12,2,"Phoebe","CCM",1,47,"R",1,"head","medium",1,"white","Fabaceae","Trifolium","repens",NA,"Non-native","Y",NA,NA,"Trifolium repens NA"
6,12,2,"Phoebe","CCM",2,145,"L",4,"infl","small",1,"white","Fabaceae","Trifolium","dubium",NA,"Non-native",NA,NA,NA,"Trifolium dubium NA"
6,12,2,"Phoebe","CCM",2,145,"L",3,"flr","medium",1,"yellow","Ranunculaceae","Ranunculus","repens",NA,"Non-native","Y",NA,NA,"Ranunculus repens NA"
6,12,2,"Phoebe","CCM",2,145,"L",5,"infl","medium",1,"purple","Fabaceae","Vicia","cracca",NA,"Non-native","Y",NA,NA,"Vicia cracca NA"
6,12,2,"Phoebe","CCM",2,145,"L",1,"infl","large",1,"white","Asteraceae","Erigeron","annuus",NA,"Non-native",NA,NA,NA,"Erigeron annuus NA"
6,12,2,"Phoebe","CCM",3,207,"L",1,"flr","medium",1,"yellow","Ranunculaceae","Ranunculus","repens",NA,"Non-native","Y",NA,NA,"Ranunculus repens NA"
6,12,2,"Phoebe","CCM",3,207,"L",1,"infl","large",1,"yellow","Asteraceae","Jacobaea","vulgaris",NA,"Non-native","Y",NA,NA,"Jacobaea vulgaris NA"
6,12,2,"Phoebe","CCM",4,399,"L",2,"head","small",1,"white","Fabaceae","Trifolium","dubium",NA,"Non-native",NA,NA,NA,"Trifolium dubium NA"
6,12,2,"Phoebe","CCM",4,399,"L",44,"infl","small",1,"blue","Boraginaceae","Myosotis","arvensis",NA,"Non-native","Y",NA,NA,"Myosotis arvensis NA"
6,12,2,"Phoebe","CCM",5,492,"R",7,"infl","small",1,"white","Fabaceae","Trifolium","dubium",NA,"Non-native",NA,NA,NA,"Trifolium dubium NA"
6,12,2,"Phoebe","CCM",5,492,"R",1,"infl","small",1,"blue","Boraginaceae","Myosotis","arvensis",NA,"Non-native","Y",NA,NA,"Myosotis arvensis NA"
6,12,2,"Phoebe","CCM",5,492,"R",6,"head","medium",1,"yellow, white","Asteraceae","Leucanthemum","vulgare",NA,"Non-native","Y",NA,NA,"Leucanthemum vulgare NA"
6,12,2,"Phoebe","CCM",5,492,"R",2,"infl","small",1,"white","Brassicaceae","Lepidium","virginicum",NA,"Native",NA,NA,NA,"Lepidium virginicum NA"
6,12,2,"Phoebe","GBH",1,50,"L",77,"infl","medium",2,"white","Fabaceae","Melilotus","albus",NA,"Non-native",NA,NA,NA,"Melilotus albus NA"
6,12,2,"Phoebe","GBH",1,50,"L",129,"infl","small",1,"yellow","Fabaceae","Medicago","lupulina",NA,"Non-native",NA,NA,NA,"Medicago lupulina NA"
6,12,2,"Phoebe","GBH",1,50,"L",3,"infl","small",1,"blue","Boraginaceae","Myosotis",NA,NA,NA,NA,NA,"Can't tell species from photos, but all plausible spp. are non-native","Myosotis NA NA"
6,12,2,"Phoebe","GBH",2,118,"L",9,"infl","small",1,"yellow","Fabaceae","Medicago","lupulina",NA,"Non-native",NA,NA,NA,"Medicago lupulina NA"
6,12,2,"Phoebe","GBH",2,118,"L",61,"infl","medium",2,"white","Fabaceae","Trifolium","repens",NA,"Non-native","Y",NA,NA,"Trifolium repens NA"
6,12,2,"Phoebe","GBH",2,118,"L",16,"infl","medium",1,"pink","Fabaceae","Trifolium","pratense",NA,"Non-native","Y",NA,NA,"Trifolium pratense NA"
6,12,2,"Phoebe","GBH",2,118,"L",49,"infl","medium",1,"pink","Fabaceae","Trifolium","hybridum",NA,"Non-native",NA,NA,NA,"Trifolium hybridum NA"
6,12,2,"Phoebe","GBH",3,201,"R",8,"infl","medium",1,"white","Fabaceae","Melilotus","albus",NA,"Non-native",NA,NA,NA,"Melilotus albus NA"
6,12,2,"Phoebe","GBH",3,201,"R",9,"infl","small",1,"yellow","Fabaceae","Medicago","lupulina",NA,"Non-native",NA,NA,NA,"Medicago lupulina NA"
6,12,2,"Phoebe","GBH",4,315,"L",57,"infl","medium",2,"pink","Fabaceae","Trifolium","pratense",NA,"Non-native","Y",NA,NA,"Trifolium pratense NA"
6,12,2,"Phoebe","GBH",5,419,"L",0,NA,NA,0,NA,NA,NA,NA,NA,NA,NA,0,NA,"NA NA NA"
6,12,2,"Phoebe","BGP",1,75,"L",2,"flr","medium",1,"pink","Caryophyllaceae","Silene","coronaria",NA,"Non-native",NA,NA,NA,"Silene coronaria NA"
6,12,2,"Phoebe","BGP",2,142,"R",1,"infl","large",1,"pink","Fabaceae","Lathyrus","latifolius",NA,"Non-native",NA,NA,NA,"Lathyrus latifolius NA"
6,12,2,"Phoebe","BGP",3,267,"L",1,"infl","small",1,"yellow","Asteraceae","Ambrosia","chamissonis",NA,"Native",NA,NA,NA,"Ambrosia chamissonis NA"
6,12,2,"Phoebe","BGP",3,267,"L",4,"flr","medium",1,"yellow","Hypericaceae","Hypericum","perforatum",NA,"Non-native",NA,NA,NA,"Hypericum perforatum NA"
6,12,2,"Phoebe","BGP",4,396,"L",0,NA,NA,0,NA,NA,NA,NA,NA,NA,NA,0,NA,"NA NA NA"
6,12,2,"Phoebe","BGP",5,451,"L",1,"stm","large",1,"white","Asteraceae","Achillea","millefolium",NA,"Non-native","Y",NA,NA,"Achillea millefolium NA"
6,12,2,"Phoebe","BGP",5,451,"L",1,"flr","small",1,"pink","Fabaceae","Vicia","sativa",NA,"Non-native",NA,NA,NA,"Vicia sativa NA"
6,12,2,"Phoebe","PSP",1,40,"R",4,"flr","medium",1,"yellow","Ranunculaceae","Ranunculus","repens",NA,"Non-native","Y",NA,"Mowed recently.","Ranunculus repens NA"
6,12,2,"Phoebe","PSP",2,181,"L",12,"flr","medium",1,"yellow","Ranunculaceae","Ranunculus","repens",NA,"Non-native","Y",NA,"Mowed recently.","Ranunculus repens NA"
6,12,2,"Phoebe","PSP",3,270,"R",0,NA,NA,0,NA,NA,NA,NA,NA,NA,NA,0,"Mowed recently.","NA NA NA"
6,12,2,"Phoebe","PSP",4,309,"L",8,"flr","medium",1,"yellow","Ranunculaceae","Ranunculus","repens",NA,"Non-native","Y",NA,"Mowed recently.","Ranunculus repens NA"
6,12,2,"Phoebe","PSP",5,497,"L",9,"flr","medium",1,"yellow","Ranunculaceae","Ranunculus","repens",NA,"Non-native","Y",NA,"Mowed recently.","Ranunculus repens NA"
6,14,2,"Erez","HRP",1,19,"L",29,"stm","small",1,"yellow","Asteraceae","Matricaria","discoidea",NA,"Non-native","N",NA,"Origin might be more complicated, but BCSEE says exotic","Matricaria discoidea NA"
6,14,2,"Erez","HRP",1,19,"L",5,"flr","small",1,"pink","Caryophyllaceae","Spergularia","rubra",NA,"Non-native",NA,NA,NA,"Spergularia rubra NA"
6,14,2,"Erez","HRP",1,19,"L",1,"flr","small",1,"purple","Geraniaceae","Erodium","cicutarium",NA,"Non-native",NA,NA,NA,"Erodium cicutarium NA"
6,14,2,"Erez","HRP",2,105,"R",4,"flr","medium",1,"yellow","Asteraceae","Hypochaeris","radicata",NA,"Non-native","Y",NA,NA,"Hypochaeris radicata NA"
6,14,2,"Erez","HRP",3,224,"R",0,NA,NA,0,NA,NA,NA,NA,NA,NA,NA,0,NA,"NA NA NA"
6,14,2,"Erez","HRP",4,345,"L",7,"flr","medium",1,"yellow","Asteraceae","Hypochaeris","radicata",NA,"Non-native","Y",NA,NA,"Hypochaeris radicata NA"
6,14,2,"Erez","HRP",NA,499,"L",0,NA,NA,0,NA,NA,NA,NA,NA,NA,NA,0,NA,"NA NA NA"
6,14,2,"Erez","CHP",1,30,"R",2,"flr","medium",1,"yellow","Asteraceae","Hypochaeris","radicata",NA,"Non-native","Y",NA,NA,"Hypochaeris radicata NA"
6,14,2,"Erez","CHP",2,177,"R",0,NA,NA,0,NA,NA,NA,NA,NA,NA,NA,0,NA,"NA NA NA"
6,14,2,"Erez","CHP",3,246,"L",0,NA,NA,0,NA,NA,NA,NA,NA,NA,NA,0,NA,"NA NA NA"
6,14,2,"Erez","CHP",4,310,"R",0,NA,NA,0,NA,NA,NA,NA,NA,NA,NA,0,NA,"NA NA NA"
6,14,2,"Erez","CHP",5,438,"L",2,"flr","small",1,"yellow","Asteraceae","Mycelis","muralis",NA,"Non-native",NA,NA,NA,"Mycelis muralis NA"
6,14,2,"Erez","BHT",1,60,"R",11,"flr","medium",1,"yellow","Asteraceae","Hypochaeris","radicata",NA,"Non-native","Y",NA,NA,"Hypochaeris radicata NA"
6,14,2,"Erez","BHT",1,60,"R",2,"flr","small",1,"purple","Caryophyllaceae","Spergularia","macrotheca",NA,NA,NA,NA,"Or S. rubra (non native)","Spergularia macrotheca NA"
6,14,2,"Erez","BHT",2,195,"L",0,NA,NA,0,NA,NA,NA,NA,NA,NA,NA,0,NA,"NA NA NA"
6,14,2,"Erez","BHT",3,244,"L",3,"flr","medium",1,"yellow","Asteraceae","Hypochaeris","radicata",NA,"Non-native","Y",NA,NA,"Hypochaeris radicata NA"
6,14,2,"Erez","BHT",4,387,"R",2,"flr","medium",1,"yellow","Asteraceae","Hypochaeris","radicata",NA,"Non-native","Y",NA,NA,"Hypochaeris radicata NA"
6,14,2,"Erez","BHT",4,387,"R",7,"flr","small",1,"yellow","Orobanchaceae","Rhinanthus","minor",NA,"Native",NA,NA,NA,"Rhinanthus minor NA"
6,14,2,"Erez","BHT",4,387,"R",5,"stm","small",1,"yellow","Apiaceae","Lomatium","nudicaule",NA,"Native",NA,NA,NA,"Lomatium nudicaule NA"
6,14,2,"Erez","BHT",5,465,"R",24,"flr","small",1,"yellow","Orobanchaceae","Rhinanthus","minor",NA,"Native",NA,NA,NA,"Rhinanthus minor NA"
6,14,2,"Erez","RBG",1,90,"L",0,NA,NA,0,NA,NA,NA,NA,NA,NA,NA,0,NA,"NA NA NA"
6,14,2,"Erez","RBG",2,135,"R",0,NA,NA,0,NA,NA,NA,NA,NA,NA,NA,0,NA,"NA NA NA"
6,14,2,"Erez","RBG",3,251,"L",49,"infl","small",1,"white","Fabaceae","Trifolium","repens",NA,"Non-native","Y",NA,NA,"Trifolium repens NA"
6,14,2,"Erez","RBG",3,251,"L",18,"stm","small",1,"yellow","Fabaceae","Lotus","corniculatus",NA,"Non-native",NA,NA,NA,"Lotus corniculatus NA"
6,14,2,"Erez","RBG",4,334,"R",3,"stm","small",1,"yellow","Fabaceae","Lotus","corniculatus",NA,"Non-native",NA,NA,NA,"Lotus corniculatus NA"
6,14,2,"Erez","RBG",4,334,"R",1,"flr","medium",1,"yellow","Asteraceae","Taraxacum",NA,NA,NA,"Y",NA,"Taxonomy","Taraxacum NA NA"
6,14,2,"Erez","RBG",5,413,"R",0,NA,NA,0,NA,NA,NA,NA,NA,NA,NA,0,NA,"NA NA NA"
6,21,3,"Phoebe","PSP",1,67,"L",14,"flr","small",1,"yellow","Ranunculaceae","Ranunculus","acris",NA,"Non-native","Y",NA,NA,"Ranunculus acris NA"
6,21,3,"Phoebe","PSP",1,67,"L",12,"flr","small",1,"yellow","Ranunculaceae","Ranunculus","repens",NA,"Non-native","Y",NA,NA,"Ranunculus repens NA"
6,21,3,"Phoebe","PSP",2,115,"L",2,"flr","small",1,"yellow","Ranunculaceae","Ranunculus","repens",NA,"Non-native","Y",NA,NA,"Ranunculus repens NA"
6,21,3,"Phoebe","PSP",2,115,"L",8,"head","medium",1,"yellow","Asteraceae","Hypochaeris","radicata",NA,"Non-native","Y",NA,NA,"Hypochaeris radicata NA"
6,21,3,"Phoebe","PSP",3,261,"L",0,NA,NA,0,NA,NA,NA,NA,NA,NA,NA,0,NA,"NA NA NA"
6,21,3,"Phoebe","PSP",4,302,"L",2,"flr","small",1,"yellow","Ranunculaceae","Ranunculus","acris",NA,"Non-native","Y",NA,NA,"Ranunculus acris NA"
6,21,3,"Phoebe","PSP",4,302,"L",1,"head","small",1,"yellow","Asteraceae","Lapsana","communis",NA,"Non-native",NA,NA,NA,"Lapsana communis NA"
6,21,3,"Phoebe","PSP",5,457,"R",6,"flr","small",1,"yellow","Ranunculaceae","Ranunculus","repens",NA,"Non-native","Y",NA,NA,"Ranunculus repens NA"
6,21,3,"Phoebe","BGP",1,57,"R",5,"infl","large",2,"pink","Fabaceae","Lathyrus","latifolius",NA,"Non-native",NA,NA,NA,"Lathyrus latifolius NA"
6,21,3,"Phoebe","BGP",1,57,"R",1,"stm","small",1,"white","Asteraceae","Achillea","millefolium",NA,"Non-native","Y",NA,NA,"Achillea millefolium NA"
6,21,3,"Phoebe","BGP",2,115,"R",0,NA,NA,0,NA,NA,NA,NA,NA,NA,NA,0,NA,"NA NA NA"
6,21,3,"Phoebe","BGP",3,260,"R",27,"infl","large",3,"pink","Fabaceae","Lathyrus","latifolius",NA,"Non-native",NA,NA,NA,"Lathyrus latifolius NA"
6,21,3,"Phoebe","BGP",3,260,"R",13,"infl","medium",1,"yellow","Hypericaceae","Hypericum","perforatum",NA,"Non-native",NA,NA,NA,"Hypericum perforatum NA"
6,21,3,"Phoebe","BGP",4,394,"L",12,"infl","medium",1,"yellow","Hypericaceae","Hypericum","perforatum",NA,"Non-native",NA,NA,NA,"Hypericum perforatum NA"
6,21,3,"Phoebe","BGP",4,394,"L",10,"stm","large",3,"white","Asteraceae","Achillea","millefolium",NA,"Non-native","Y",NA,NA,"Achillea millefolium NA"
6,21,3,"Phoebe","BGP",5,489,"L",2,"infl","medium",1,"yellow","Hypericaceae","Hypericum","perforatum",NA,"Non-native",NA,NA,NA,"Hypericum perforatum NA"
6,21,3,"Phoebe","BGP",5,489,"L",21,"stm","large",4,"white","Asteraceae","Achillea","millefolium",NA,"Non-native","Y",NA,NA,"Achillea millefolium NA"
6,21,3,"Phoebe","CCM",1,25,"L",5,"flr","small",1,"yellow","Ranunculaceae","Ranunculus","repens",NA,"Non-native","Y",NA,NA,"Ranunculus repens NA"
6,21,3,"Phoebe","CCM",2,110,"R",13,"flr","medium",1,"yellow","Ranunculaceae","Ranunculus","acris",NA,"Non-native","Y",NA,NA,"Ranunculus acris NA"
6,21,3,"Phoebe","CCM",2,110,"R",61,"infl","small",1,"blue","Boraginaceae","Myosotis",NA,NA,NA,NA,NA,"Base off of june 12 observation","Myosotis NA NA"
6,21,3,"Phoebe","CCM",3,292,"R",1,"flr","small",1,"yellow","Ranunculaceae","Ranunculus","repens",NA,"Non-native","Y",NA,NA,"Ranunculus repens NA"
6,21,3,"Phoebe","CCM",3,292,"R",60,"head","large",5,"white","Asteraceae","Leucanthemum","vulgare",NA,"Non-native","Y",NA,"Update Freya's nectaring observation if this isn't oxeye daisy","Leucanthemum vulgare NA"
6,21,3,"Phoebe","CCM",3,292,"R",3,"head","small",1,"purple","Asteraceae","Cirsium","arvense",NA,"Non-native","Y",NA,NA,"Cirsium arvense NA"
6,21,3,"Phoebe","CCM",4,301,"L",310,"head","large",25,"yellow, white","Asteraceae","Leucanthemum","vulgare",NA,"Non-native","Y",NA,NA,"Leucanthemum vulgare NA"
6,21,3,"Phoebe","CCM",5,456,"L",4,"flr","small",1,"yellow","Ranunculaceae","Ranunculus","repens",NA,"Non-native","Y",NA,NA,"Ranunculus repens NA"
6,21,3,"Phoebe","GBH",1,36,"L",14,"infl","small",1,"yellow","Fabaceae","Medicago","lupulina",NA,"Non-native",NA,NA,NA,"Medicago lupulina NA"
6,21,3,"Phoebe","GBH",2,135,"R",2,"infl","small",1,"pink","Fabaceae","Trifolium","pratense",NA,"Non-native","Y",NA,NA,"Trifolium pratense NA"
6,21,3,"Phoebe","GBH",2,135,"R",57,"infl","small",1,"pink","Fabaceae","Trifolium","hybridum",NA,"Non-native",NA,NA,NA,"Trifolium hybridum NA"
6,21,3,"Phoebe","GBH",3,215,"L",15,"infl","small",1,"pink","Fabaceae","Trifolium","hybridum",NA,"Non-native",NA,NA,NA,"Trifolium hybridum NA"
6,21,3,"Phoebe","GBH",4,390,"R",2,"infl","small",1,"pink","Fabaceae","Trifolium","pratense",NA,"Non-native","Y",NA,NA,"Trifolium pratense NA"
6,21,3,"Phoebe","GBH",4,390,"R",27,"infl","small",1,"pink","Fabaceae","Trifolium","hybridum",NA,"Non-native",NA,NA,NA,"Trifolium hybridum NA"
6,21,3,"Phoebe","GBH",5,420,"L",15,"infl","large",1,"white","Brassicaceae","Hesperis","matronalis",NA,"Non-native",NA,NA,NA,"Hesperis matronalis NA"
6,22,3,"Phoebe","BHT",1,3,"L",19,"infl","small",1,"yellow","Brassicaceae","Sisymbrium","officinale",NA,"Non-native","Y",NA,NA,"Sisymbrium officinale NA"
6,22,3,"Phoebe","BHT",1,3,"L",10,"head","small",1,"yellow","Asteraceae","Hypochaeris","radicata",NA,"Non-native","Y",NA,"Update nectaring if not Hypochaeris radicata","Hypochaeris radicata NA"
6,22,3,"Phoebe","BHT",2,135,"L",19,"head","medium",1,"yellow","Asteraceae","Hypochaeris","radicata",NA,"Non-native","Y",NA,NA,"Hypochaeris radicata NA"
6,22,3,"Phoebe","BHT",3,289,"R",5,"head","small",1,"yellow","Asteraceae","Hypochaeris","radicata",NA,"Non-native","Y",NA,"Also have photos of a shrub with little pink flowers in this quadrat if needed for nectaring, not included here","Hypochaeris radicata NA"
6,22,3,"Phoebe","BHT",4,397,"R",1,"head","medium",1,"yellow","Asteraceae","Hypochaeris","radicata",NA,"Non-native","Y",NA,NA,"Hypochaeris radicata NA"
6,22,3,"Phoebe","BHT",5,438,"L",7,"head","medium",1,"yellow","Asteraceae","Hypochaeris","radicata",NA,"Non-native","Y",NA,NA,"Hypochaeris radicata NA"
6,22,3,"Phoebe","BHT",5,438,"L",1,"head","small",1,"yellow","Asteraceae","Hypochaeris","radicata",NA,"Non-native","Y",NA,NA,"Hypochaeris radicata NA"
6,22,3,"Phoebe","BHT",5,438,"L",1,"head","small",1,"yellow","Asteraceae","Hypochaeris","radicata",NA,"Non-native","Y",NA,NA,"Hypochaeris radicata NA"
6,22,3,"Phoebe","HRP",1,49,"L",0,NA,NA,0,NA,NA,NA,NA,NA,NA,NA,0,NA,"NA NA NA"
6,22,3,"Phoebe","HRP",2,193,"R",1,"head","medium",1,"purple","Asteraceae","Centaurea","cyanus",NA,"Non-native","Y",NA,NA,"Centaurea cyanus NA"
6,22,3,"Phoebe","HRP",3,201,"R",11,"infl","medium",1,"purple","Amaryllidaceae","Allium","acuminatum",NA,"Native",NA,NA,NA,"Allium acuminatum NA"
6,22,3,"Phoebe","HRP",4,368,"R",0,NA,NA,0,NA,NA,NA,NA,NA,NA,NA,0,NA,"NA NA NA"
6,22,3,"Phoebe","HRP",5,438,"R",0,NA,NA,0,NA,NA,NA,NA,NA,NA,NA,0,NA,"NA NA NA"
6,22,3,"Phoebe","RBG",1,85,"R",0,NA,NA,0,NA,NA,NA,NA,NA,NA,NA,0,NA,"NA NA NA"
6,22,3,"Phoebe","RBG",2,123,"R",0,NA,NA,0,NA,NA,NA,NA,NA,NA,NA,0,NA,"NA NA NA"
6,22,3,"Phoebe","RBG",3,298,"L",58,"infl","medium",1,"yellow","Fabaceae","Lotus","corniculatus",NA,"Non-native",NA,NA,NA,"Lotus corniculatus NA"
6,22,3,"Phoebe","RBG",4,392,"R",0,NA,NA,0,NA,NA,NA,NA,NA,NA,NA,0,NA,"NA NA NA"
6,22,3,"Phoebe","RBG",5,491,"R",82,"infl","small",1,"yellow","Fabaceae","Medicago","lupulina",NA,"Non-native",NA,NA,NA,"Medicago lupulina NA"
6,22,3,"Phoebe","CHP",1,56,"R",1,"head","small",1,"yellow","Asteraceae","Hypochaeris","radicata",NA,"Non-native","Y",NA,NA,"Hypochaeris radicata NA"
6,22,3,"Phoebe","CHP",2,165,"R",0,NA,NA,0,NA,NA,NA,NA,NA,NA,NA,0,NA,"NA NA NA"
6,22,3,"Phoebe","CHP",3,257,"R",0,NA,NA,0,NA,NA,NA,NA,NA,NA,NA,0,NA,"NA NA NA"
6,22,3,"Phoebe","CHP",4,318,"R",0,NA,NA,0,NA,NA,NA,NA,NA,NA,NA,0,NA,"NA NA NA"
6,22,3,"Phoebe","CHP",5,484,"R",0,NA,NA,0,NA,NA,NA,NA,NA,NA,NA,0,NA,"NA NA NA"
6,23,3,"Phoebe","MGT",1,13,"R",8,"stm","medium",1,"yellow","Asteraceae","Achillea","millefolium",NA,"Non-native","Y",NA,NA,"Achillea millefolium NA"
6,23,3,"Phoebe","MGT",1,13,"R",8,"infl","small",1,"purple","Brassicaceae","Boechera","divaricarpa",NA,"Native",NA,NA,NA,"Boechera divaricarpa NA"
6,23,3,"Phoebe","MGT",1,13,"R",3,"infl","small",1,"white, purple","Polemoniaceae","Microsteris","gracilis",NA,"Native",NA,NA,NA,"Microsteris gracilis NA"
6,23,3,"Phoebe","MGT",1,13,"R",1,"head","medium",1,"yellow","Asteraceae","Taraxacum",NA,NA,NA,"Y",NA,"Taxonomy","Taraxacum NA NA"
6,23,3,"Phoebe","MGT",2,139,"L",1,"stm","small",1,"white","Asteraceae","Achillea","millefolium",NA,"Non-native","Y",NA,NA,"Achillea millefolium NA"
6,23,3,"Phoebe","MGT",2,139,"L",1,"flr","small",1,"purple","Polemoniaceae","Phlox","diffusa",NA,"Native",NA,NA,NA,"Phlox diffusa NA"
6,23,3,"Phoebe","MGT",3,297,"R",5,"infl","large",2,"purple","Fabaceae","Lupinus","arcticus",NA,"Native",NA,NA,NA,"Lupinus arcticus NA"
6,23,3,"Phoebe","MGT",4,373,"R",0,NA,NA,0,NA,NA,NA,NA,NA,NA,NA,0,NA,"NA NA NA"
6,23,3,"Phoebe","MGT",5,490,"R",14,"flr","medium",1,"white","Cornaceae","Cornus","unalaschkensis",NA,"Native",NA,NA,NA,"Cornus unalaschkensis NA"
6,23,3,"Phoebe","MGT",5,490,"R",1,"flr","large",1,"white","Liliaceae","Clintonia","uniflora",NA,"Native",NA,NA,NA,"Clintonia uniflora NA"
6,23,3,"Phoebe","OKF",1,62,"R",5,"flr","medium",1,"yellow","Rosaceae","Potentilla","recta",NA,"Non-native",NA,NA,NA,"Potentilla recta NA"
6,23,3,"Phoebe","OKF",1,62,"R",2,"infl","medium",1,"pink","Apocynaceae","Asclepias","speciosa",NA,"Native",NA,NA,NA,"Asclepias speciosa NA"
6,23,3,"Phoebe","OKF",2,117,"L",2,"flr","medium",1,"yellow","Rosaceae","Potentilla","recta",NA,"Non-native",NA,NA,NA,"Potentilla recta NA"
6,23,3,"Phoebe","OKF",3,280,"L",92,"infl","small",2,"purple","Fabaceae","Medicago","sativa",NA,"Non-native",NA,NA,NA,"Medicago sativa NA"
6,23,3,"Phoebe","OKF",3,280,"L",NA,NA,NA,25,"white","Caryophyllaceae","Gypsophila","paniculata",NA,"Non-native",NA,NA,NA,"Gypsophila paniculata NA"
6,23,3,"Phoebe","OKF",4,382,"L",10,"infl","large",4,"pink","Apocynaceae","Asclepias","speciosa",NA,"Native",NA,NA,NA,"Asclepias speciosa NA"
6,23,3,"Phoebe","OKF",4,382,"L",7,"infl","medium",1,"yellow","Brassicaceae","Sisymbrium","loeselii",NA,"Non-native",NA,NA,NA,"Sisymbrium loeselii NA"
6,23,3,"Phoebe","OKF",5,485,"R",1,"flr","medium",1,"yellow","Rosaceae","Potentilla","recta",NA,"Non-native",NA,NA,NA,"Potentilla recta NA"
6,23,3,"Phoebe","OKF",5,485,"R",15,"infl","medium",1,"yellow","Brassicaceae","Sisymbrium","loeselii",NA,"Non-native",NA,NA,NA,"Sisymbrium loeselii NA"
6,23,3,"Phoebe","OKF",5,485,"R",12,"infl","small",1,"white","Caryophyllaceae","Silene","vulgaris",NA,"Non-native",NA,NA,NA,"Silene vulgaris NA"
6,23,3,"Phoebe","JMS",1,19,"L",6,"infl","small",1,"yellow","Brassicaceae","Sisymbrium","loeselii",NA,"Non-native",NA,NA,NA,"Sisymbrium loeselii NA"
6,23,3,"Phoebe","JMS",2,135,"L",8,"infl","large",2,"pink","Apocynaceae","Asclepias","speciosa",NA,"Native",NA,NA,NA,"Asclepias speciosa NA"
6,23,3,"Phoebe","JMS",3,205,"R",401,"infl","small",5,"purple","Fabaceae","Medicago","sativa",NA,"Non-native",NA,NA,"Knapweed in quadrat all dry/not in bloom","Medicago sativa NA"
6,23,3,"Phoebe","JMS",4,394,"L",4,"infl","large",1,"pink","Apocynaceae","Asclepias","speciosa",NA,"Native",NA,NA,"Bladder campion in quadrat all dry/not in bloom","Asclepias speciosa NA"
6,23,3,"Phoebe","JMS",4,394,"L",292,"infl","small",4,"purple","Fabaceae","Medicago","sativa",NA,"Non-native",NA,NA,NA,"Medicago sativa NA"
6,23,3,"Phoebe","JMS",5,409,"L",15,"infl","medium",1,"yellow","Brassicaceae","Sisymbrium","loeselii",NA,"Non-native",NA,NA,NA,"Sisymbrium loeselii NA"
6,24,3,"Phoebe","UBC",1,53,"L",20,"infl","small",1,"pink","Apocynaceae","Apocynum","androsaemifolium",NA,"Native",NA,NA,NA,"Apocynum androsaemifolium NA"
6,24,3,"Phoebe","UBC",1,53,"L",3,"infl","small",1,"purple","Fabaceae","Medicago","sativa",NA,"Non-native",NA,NA,NA,"Medicago sativa NA"
6,24,3,"Phoebe","UBC",2,124,"R",7,"infl","medium",1,"pink","Apocynaceae","Apocynum","androsaemifolium",NA,"Native",NA,NA,NA,"Apocynum androsaemifolium NA"
6,24,3,"Phoebe","UBC",3,286,"L",1,"stm","small",1,"white","Asteraceae","Achillea","millefolium",NA,"Non-native","Y",NA,NA,"Achillea millefolium NA"
6,24,3,"Phoebe","UBC",3,286,"L",1,"head","small",1,"purple","Asteraceae","Erigeron","divergens",NA,"Native",NA,NA,"Freya made colour purple","Erigeron divergens NA"
6,24,3,"Phoebe","UBC",4,339,"L",3,"head","medium",2,"yellow","Asteraceae","Gaillardia","aristata",NA,"Native",NA,NA,NA,"Gaillardia aristata NA"
6,24,3,"Phoebe","UBC",5,473,"L",15,"head","small",1,"yellow","Asteraceae","Hieracium","scouleri",NA,"Native",NA,NA,NA,"Hieracium scouleri NA"
6,24,3,"Phoebe","KMP",1,53,"L",0,NA,NA,0,NA,NA,NA,NA,NA,NA,NA,0,NA,"NA NA NA"
6,24,3,"Phoebe","KMP",2,180,"R",1,"stm","large",1,"white","Asteraceae","Achillea","millefolium",NA,"Non-native","Y",NA,NA,"Achillea millefolium NA"
6,24,3,"Phoebe","KMP",3,236,"L",0,NA,NA,0,NA,NA,NA,NA,NA,NA,NA,0,NA,"NA NA NA"
6,24,3,"Phoebe","KMP",4,340,"L",0,NA,NA,0,NA,NA,NA,NA,NA,NA,NA,0,NA,"NA NA NA"
6,24,3,"Phoebe","KMP",5,420,"R",61,"infl","medium",2,"white","Brassicaceae","Berteroa","incana",NA,"Non-native",NA,NA,NA,"Berteroa incana NA"
6,24,3,"Phoebe","KMP",5,420,"R",24,"infl","medium",1,"white","Fabaceae","Melilotus","albus",NA,"Non-native",NA,NA,NA,"Melilotus albus NA"
6,24,3,"Phoebe","KMP",5,420,"R",6,"infl","small",2,"purple","Boraginaceae","Anchusa","officinalis",NA,"Non-native",NA,NA,"Update freyas nectaring sheet if not Anchusa officinalis","Anchusa officinalis NA"
6,24,3,"Phoebe","RRP",1,7,"R",1,"stm","large",1,"white","Asteraceae","Achillea","millefolium",NA,"Non-native","Y",NA,NA,"Achillea millefolium NA"
6,24,3,"Phoebe","RRP",2,173,"L",1,"stm","medium",1,"white","Asteraceae","Achillea","millefolium",NA,"Non-native","Y",NA,NA,"Achillea millefolium NA"
6,24,3,"Phoebe","RRP",3,232,"R",5,"infl","small",1,"pink","Apocynaceae","Apocynum","androsaemifolium",NA,"Native",NA,NA,NA,"Apocynum androsaemifolium NA"
6,24,3,"Phoebe","RRP",4,371,"L",3,"stm","large",1,"white","Asteraceae","Achillea","millefolium",NA,"Non-native","Y",NA,NA,"Achillea millefolium NA"
6,24,3,"Phoebe","RRP",5,427,"L",13,"stm","large",2,"white","Asteraceae","Achillea","millefolium",NA,"Non-native","Y",NA,NA,"Achillea millefolium NA"
6,24,3,"Phoebe","PML",1,73,"L",26,"head","medium",1,"yellow","Asteraceae","Heterotheca",NA,NA,"Native",NA,NA,"Taxonomy","Heterotheca NA NA"
6,24,3,"Phoebe","PML",1,73,"L",33,"infl","medium",1,"purple","Fabaceae","Medicago","sativa",NA,"Non-native",NA,NA,NA,"Medicago sativa NA"
6,24,3,"Phoebe","PML",2,198,"L",216,"infl","medium",4,"purple","Fabaceae","Medicago","sativa",NA,"Non-native",NA,NA,NA,"Medicago sativa NA"
6,24,3,"Phoebe","PML",2,198,"L",32,"infl","small",1,"yellow","Brassicaceae","Sisymbrium","altissimum",NA,"Non-native",NA,NA,NA,"Sisymbrium altissimum NA"
6,24,3,"Phoebe","PML",3,205,"L",447,"infl","medium",9,"purple, blue","Fabaceae","Medicago","sativa",NA,"Non-native",NA,NA,NA,"Medicago sativa NA"
6,24,3,"Phoebe","PML",3,205,"L",15,"infl","medium",1,"yellow","Brassicaceae","Sisymbrium","loeselii",NA,"Non-native",NA,NA,NA,"Sisymbrium loeselii NA"
6,24,3,"Phoebe","PML",3,205,"L",6,"stm","large",1,"white","Asteraceae","Achillea","millefolium",NA,"Non-native","Y",NA,NA,"Achillea millefolium NA"
6,24,3,"Phoebe","PML",4,358,"R",61,"infl","medium",1,"purple","Fabaceae","Medicago","sativa",NA,"Non-native",NA,NA,NA,"Medicago sativa NA"
6,24,3,"Phoebe","PML",5,452,"L",0,NA,NA,0,NA,NA,NA,NA,NA,NA,NA,0,NA,"NA NA NA"
6,25,3,"Phoebe","OHR",1,41,"L",147,"infl","medium",1,"white, purple","Fabaceae","Medicago","sativa",NA,"Non-native",NA,NA,NA,"Medicago sativa NA"
6,25,3,"Phoebe","OHR",1,41,"L",11,"flr","small",1,"yellow","Rosaceae","Potentilla","argentea",NA,"Non-native",NA,NA,NA,"Potentilla argentea NA"
6,25,3,"Phoebe","OHR",2,124,"L",64,"infl","medium",1,"purple","Fabaceae","Medicago","sativa",NA,"Non-native",NA,NA,NA,"Medicago sativa NA"
6,25,3,"Phoebe","OHR",2,124,"L",62,"head","medium",1,"yellow","Asteraceae","Heterotheca",NA,NA,"Native",NA,NA,"Taxonomy","Heterotheca NA NA"
6,25,3,"Phoebe","OHR",3,203,"L",177,"infl","medium",2,"purple","Fabaceae","Medicago","sativa",NA,"Non-native",NA,NA,NA,"Medicago sativa NA"
6,25,3,"Phoebe","OHR",3,203,"L",58,"head","small",1,"yellow","Asteraceae","Heterotheca",NA,NA,"Native",NA,NA,"Taxonomy","Heterotheca NA NA"
6,25,3,"Phoebe","OHR",3,203,"L",38,"head","large",2,"purple","Asteraceae","Erigeron","speciosus",NA,"Native",NA,NA,NA,"Erigeron speciosus NA"
6,25,3,"Phoebe","OHR",3,203,"L",3,"infl","small",1,"yellow","Fabaceae","Medicago","lupulina",NA,"Non-native",NA,NA,NA,"Medicago lupulina NA"
6,25,3,"Phoebe","OHR",3,203,"L",2,"stm","large",1,"white","Asteraceae","Achillea","millefolium",NA,"Non-native","Y",NA,NA,"Achillea millefolium NA"
6,25,3,"Phoebe","OHR",4,386,"R",6,"flr","small",1,"white","Rosaceae","Potentilla","recta",NA,"Non-native",NA,NA,NA,"Potentilla recta NA"
6,25,3,"Phoebe","OHR",4,386,"R",29,"infl","small",1,"pink","Apocynaceae","Apocynum","androsaemifolium",NA,"Native",NA,NA,NA,"Apocynum androsaemifolium NA"
6,25,3,"Phoebe","OHR",5,429,"R",335,"infl","small",5,"pink","Apocynaceae","Apocynum","androsaemifolium",NA,"Native",NA,NA,NA,"Apocynum androsaemifolium NA"
6,25,3,"Phoebe","KWL",1,87,"L",11,"infl","medium",1,"white","Fabaceae","Melilotus","albus",NA,"Non-native",NA,NA,NA,"Melilotus albus NA"
6,25,3,"Phoebe","KWL",1,87,"L",19,"infl","small",1,"yellow","Brassicaceae","Sisymbrium","altissimum",NA,"Non-native",NA,NA,NA,"Sisymbrium altissimum NA"
6,25,3,"Phoebe","KWL",2,101,"L",1,"infl","small",1,"yellow","Brassicaceae","Sisymbrium","altissimum",NA,"Non-native",NA,NA,NA,"Sisymbrium altissimum NA"
6,25,3,"Phoebe","KWL",3,242,"L",121,"infl","medium",2,"purple","Fabaceae","Medicago","sativa",NA,"Non-native",NA,0,NA,"Medicago sativa NA"
6,25,3,"Phoebe","KWL",4,361,"R",56,"infl","medium",1,"purple","Fabaceae","Medicago","sativa",NA,"Non-native",NA,NA,NA,"Medicago sativa NA"
6,25,3,"Phoebe","KWL",5,467,"R",274,"infl","medium",4,"purple","Fabaceae","Medicago","sativa",NA,"Non-native",NA,NA,NA,"Medicago sativa NA"
6,25,3,"Phoebe","RTT",1,51,"R",17,"infl","medium",1,"yellow","Brassicaceae","Sisymbrium","loeselii",NA,"Non-native",NA,NA,NA,"Sisymbrium loeselii NA"
6,25,3,"Phoebe","RTT",1,51,"R",NA,NA,NA,2,"white","Caryophyllaceae","Gypsophila","paniculata",NA,"Non-native",NA,NA,NA,"Gypsophila paniculata NA"
6,25,3,"Phoebe","RTT",2,104,"R",44,"infl","medium",2,"yellow","Brassicaceae","Sisymbrium","loeselii",NA,"Non-native",NA,NA,NA,"Sisymbrium loeselii NA"
6,25,3,"Phoebe","RTT",2,104,"R",NA,NA,NA,26,"white","Caryophyllaceae","Gypsophila","paniculata",NA,"Non-native",NA,NA,NA,"Gypsophila paniculata NA"
6,25,3,"Phoebe","RTT",3,294,"R",1,"infl","small",1,"yellow","Brassicaceae","Sisymbrium","loeselii",NA,"Non-native",NA,NA,NA,"Sisymbrium loeselii NA"
6,25,3,"Phoebe","RTT",3,294,"R",13,"infl","medium",1,"white","Brassicaceae","Berteroa","incana",NA,"Non-native",NA,NA,NA,"Berteroa incana NA"
6,25,3,"Phoebe","RTT",4,377,"R",86,"infl","medium",3,"yellow","Brassicaceae","Sisymbrium","loeselii",NA,"Non-native",NA,NA,NA,"Sisymbrium loeselii NA"
6,25,3,"Phoebe","RTT",4,377,"R",10,"infl","medium",1,"white","Brassicaceae","Berteroa","incana",NA,"Non-native",NA,NA,NA,"Berteroa incana NA"
6,25,3,"Phoebe","RTT",4,377,"R",31,"infl","medium",1,"purple","Fabaceae","Medicago","sativa",NA,"Non-native",NA,NA,NA,"Medicago sativa NA"
6,25,3,"Phoebe","RTT",5,451,"L",81,"infl","medium",1,"white","Brassicaceae","Berteroa","incana",NA,"Non-native",NA,NA,NA,"Berteroa incana NA"
6,25,3,"Phoebe","RTT",5,451,"L",173,"infl","medium",3,"purple","Fabaceae","Medicago","sativa",NA,"Non-native",NA,NA,"Just purple","Medicago sativa NA"
6,25,3,"Phoebe","KSP",1,89,"R",NA,NA,NA,6,"white","Caryophyllaceae","Gypsophila","paniculata",NA,"Non-native",NA,NA,NA,"Gypsophila paniculata NA"
6,25,3,"Phoebe","KSP",2,131,"L",NA,NA,NA,2,"white","Caryophyllaceae","Gypsophila","paniculata",NA,"Non-native",NA,NA,NA,"Gypsophila paniculata NA"
6,25,3,"Phoebe","KSP",2,131,"L",5,"infl","small",1,"white","Apocynaceae","Apocynum","cannabinum",NA,"Native",NA,NA,NA,"Apocynum cannabinum NA"
6,25,3,"Phoebe","KSP",2,131,"L",10,"infl","medium",1,"purple","Fabaceae","Medicago","sativa",NA,"Non-native",NA,NA,NA,"Medicago sativa NA"
6,25,3,"Phoebe","KSP",3,225,"R",NA,NA,NA,2,"white","Caryophyllaceae","Gypsophila","paniculata",NA,"Non-native",NA,NA,NA,"Gypsophila paniculata NA"
6,25,3,"Phoebe","KSP",4,334,"R",NA,NA,NA,4,"white","Caryophyllaceae","Gypsophila","paniculata",NA,"Non-native",NA,NA,NA,"Gypsophila paniculata NA"
6,25,3,"Phoebe","KSP",5,424,"L",NA,NA,NA,1,"white","Caryophyllaceae","Gypsophila","paniculata",NA,"Non-native",NA,NA,NA,"Gypsophila paniculata NA"
6,26,3,"Phoebe","MMF",1,53,"L",11,"infl","medium",1,"white","Rubiaceae","Galium","boreale",NA,"Native",NA,NA,NA,"Galium boreale NA"
6,26,3,"Phoebe","MMF",2,198,"R",1,"infl","medium",1,"white","Rubiaceae","Galium","boreale",NA,"Native",NA,NA,NA,"Galium boreale NA"
6,26,3,"Phoebe","MMF",2,198,"R",4,"stm","medium",1,"white","Asteraceae","Antennaria","rosea",NA,"Native",NA,NA,NA,"Antennaria rosea NA"
6,26,3,"Phoebe","MMF",2,198,"R",2,"stm","large",1,"white","Asteraceae","Antennaria","anaphaloides",NA,"Native",NA,NA,NA,"Antennaria anaphaloides NA"
6,26,3,"Phoebe","MMF",2,198,"R",13,"infl","small",1,"purple","Fabaceae","Astragalus","miser",NA,"Native",NA,NA,"Update freyas Anicia nectaring if not Astragalus miser","Astragalus miser NA"
6,26,3,"Phoebe","MMF",2,198,"R",1,"infl","medium",1,"purple","Plantaginaceae","Penstemon","procerus",NA,"Native",NA,NA,NA,"Penstemon procerus NA"
6,26,3,"Phoebe","MMF",3,253,"L",1,"stm","medium",1,"white","Asteraceae","Achillea","millefolium",NA,"Non-native","Y",NA,NA,"Achillea millefolium NA"
6,26,3,"Phoebe","MMF",4,343,"R",0,NA,NA,0,NA,NA,NA,NA,NA,NA,NA,0,NA,"NA NA NA"
6,26,3,"Phoebe","MMF",5,449,"L",11,"infl","small",1,"purple","Fabaceae","Astragalus","miser",NA,"Native",NA,NA,NA,"Astragalus miser NA"
6,26,3,"Phoebe","MMF",5,449,"L",2,"infl","medium",1,"orange","Orobanchaceae","Castilleja","https://www.inaturalist.org/observations/386147077",NA,"Native",NA,NA,"All species native","Castilleja https://www.inaturalist.org/observations/386147077 NA"
6,26,3,"Phoebe","KPP",1,8,"L",81,"infl","small",1,"purple, green","Fabaceae","Medicago","sativa",NA,"Non-native",NA,NA,NA,"Medicago sativa NA"
6,26,3,"Phoebe","KPP",2,110,"L",1,"stm","large",1,"white","Asteraceae","Achillea","millefolium",NA,"Non-native","Y",NA,NA,"Achillea millefolium NA"
6,26,3,"Phoebe","KPP",3,203,"L",41,"infl","medium",1,"purple","Fabaceae","Medicago","sativa",NA,"Non-native",NA,NA,NA,"Medicago sativa NA"
6,26,3,"Phoebe","KPP",4,336,"R",29,"infl","small",1,"purple","Fabaceae","Medicago","sativa",NA,"Non-native",NA,NA,NA,"Medicago sativa NA"
6,26,3,"Phoebe","KPP",5,468,"R",44,"infl","medium",1,"purple","Fabaceae","Medicago","sativa",NA,"Non-native",NA,NA,NA,"Medicago sativa NA"
6,26,3,"Phoebe","PSL",1,78,"R",1,"flr","large",1,"purple","Liliaceae","Calochortus","macrocarpus",NA,"Native",NA,NA,NA,"Calochortus macrocarpus NA"
6,26,3,"Phoebe","PSL",1,78,"R",5,"head","small",1,"yellow, purple","Asteraceae","Erigeron","filifolius",NA,"Native",NA,NA,NA,"Erigeron filifolius NA"
6,26,3,"Phoebe","PSL",2,140,"L",53,"infl","medium",1,"purple","Fabaceae","Medicago","sativa",NA,"Non-native",NA,NA,NA,"Medicago sativa NA"
6,26,3,"Phoebe","PSL",3,278,"R",0,NA,NA,0,NA,NA,NA,NA,NA,NA,NA,0,NA,"NA NA NA"
6,26,3,"Phoebe","PSL",4,343,"R",0,NA,NA,0,NA,NA,NA,NA,NA,NA,NA,0,NA,"NA NA NA"
6,26,3,"Phoebe","PSL",5,483,"R",0,NA,NA,0,NA,NA,NA,NA,NA,NA,NA,0,NA,"NA NA NA"
6,26,3,"Phoebe","FLT",1,46,"L",10,"infl","medium",1,"white","Fabaceae","Trifolium","repens",NA,"Non-native","Y",NA,NA,"Trifolium repens NA"
6,26,3,"Phoebe","FLT",2,153,"L",4,"infl","medium",1,"white","Fabaceae","Trifolium","repens",NA,"Non-native","Y",NA,NA,"Trifolium repens NA"
6,26,3,"Phoebe","FLT",2,153,"L",2,"infl","medium",1,"purple","Fabaceae","Lupinus","arcticus",NA,"Native",NA,NA,NA,"Lupinus arcticus NA"
6,26,3,"Phoebe","FLT",2,153,"L",1,"flr","small",1,"pink","Onagraceae","Epilobium","ciliatum",NA,"Native","Y",NA,NA,"Epilobium ciliatum NA"
6,26,3,"Phoebe","FLT",3,285,"L",64,"flr","small",1,"purple","Plantaginaceae","Veronica","https://www.inaturalist.org/observations/386689659",NA,NA,NA,NA,NA,"Veronica https://www.inaturalist.org/observations/386689659 NA"
6,26,3,"Phoebe","FLT",3,285,"L",4,"flr","medium",1,"yellow","Phrymaceae","Erythranthe","moschata",NA,"Native",NA,NA,NA,"Erythranthe moschata NA"
6,26,3,"Phoebe","FLT",4,358,"L",10,"flr","small",1,"purple","Plantaginaceae","Veronica","americana",NA,"Native",NA,NA,NA,"Veronica americana NA"
6,26,3,"Phoebe","FLT",4,358,"L",5,"flr","medium",1,"yellow","Phrymaceae","Erythranthe","moschata",NA,"Native",NA,NA,NA,"Erythranthe moschata NA"
6,26,3,"Phoebe","FLT",4,358,"L",3,"flr","small",1,"white","Polemoniaceae","Microsteris","gracilis",NA,"Native",NA,NA,NA,"Microsteris gracilis NA"
6,26,3,"Phoebe","FLT",5,446,"R",0,NA,NA,0,NA,NA,NA,NA,NA,NA,NA,0,NA,"NA NA NA"
6,27,3,"Phoebe","ABR",1,86,"R",2,"stm","large",1,"white","Asteraceae","Achillea","millefolium",NA,"Non-native","Y",NA,NA,"Achillea millefolium NA"
6,27,3,"Phoebe","ABR",1,86,"R",3,"head","large",1,"yellow, red","Asteraceae","Gaillardia","aristata",NA,"Native",NA,NA,NA,"Gaillardia aristata NA"
6,27,3,"Phoebe","ABR",2,161,"R",14,"head","small",1,"yellow, pink","Asteraceae","Erigeron","https://www.inaturalist.org/observations/386927609",NA,"Native",NA,NA,"All Erigeron species except E. annuus are native. This one is not E. annuus","Erigeron https://www.inaturalist.org/observations/386927609 NA"
6,27,3,"Phoebe","ABR",2,161,"R",3,"infl","medium",1,"purple","Fabaceae","Lupinus","sericeus",NA,"Native",NA,NA,"Update nectaring boise duval with species","Lupinus sericeus NA"
6,27,3,"Phoebe","ABR",2,161,"R",10,"flr","small",1,"yellow","Rosaceae","Potentilla","argentea",NA,"Non-native",NA,NA,NA,"Potentilla argentea NA"
6,27,3,"Phoebe","ABR",2,161,"R",10,"infl","small",1,"yellow","Fabaceae","Medicago","lupulina",NA,"Non-native",NA,NA,NA,"Medicago lupulina NA"
6,27,3,"Phoebe","ABR",3,244,"R",3,"infl","medium",1,"yellow","Brassicaceae","Sisymbrium","altissimum",NA,"Non-native",NA,NA,NA,"Sisymbrium altissimum NA"
6,27,3,"Phoebe","ABR",3,244,"R",1,"head","large",1,"yellow","Asteraceae","Tragopogon","dubius",NA,"Non-native",NA,NA,NA,"Tragopogon dubius NA"
6,27,3,"Phoebe","ABR",4,323,"R",2,"stm","large",1,"white","Asteraceae","Achillea","millefolium",NA,"Non-native","Y",NA,NA,"Achillea millefolium NA"
6,27,3,"Phoebe","ABR",4,323,"R",2,"infl","small",1,"yellow","Brassicaceae","Sisymbrium","altissimum",NA,"Non-native",NA,NA,NA,"Sisymbrium altissimum NA"
6,27,3,"Phoebe","ABR",4,323,"R",1,"head","medium",1,"yellow","Asteraceae","Tragopogon","dubius",NA,"Non-native",NA,NA,NA,"Tragopogon dubius NA"
6,27,3,"Phoebe","ABR",5,432,"R",1,"stm","large",1,"white","Asteraceae","Achillea","millefolium",NA,"Non-native","Y",NA,NA,"Achillea millefolium NA"
6,27,3,"Phoebe","ABR",5,432,"R",1,"flr","small",1,"white","Rosaceae","Potentilla","recta",NA,"Non-native",NA,NA,NA,"Potentilla recta NA"
6,27,3,"Phoebe","PBM",1,36,"L",2,"flr","medium",1,NA,"Caryophyllaceae","Silene","latifolia",NA,"Non-native","Y",NA,NA,"Silene latifolia NA"
6,27,3,"Phoebe","PBM",1,36,"L",15,"infl","medium",1,"pink","Fabaceae","Trifolium","hybridum",NA,"Non-native",NA,NA,NA,"Trifolium hybridum NA"
6,27,3,"Phoebe","PBM",2,163,"L",14,"infl","small",1,"purple","Polemoniaceae","Microsteris","gracilis",NA,"Native",NA,NA,NA,"Microsteris gracilis NA"
6,27,3,"Phoebe","PBM",2,163,"L",9,"infl","small",1,"pink","Polemoniaceae","Collomia","linearis",NA,"Native",NA,NA,NA,"Collomia linearis NA"
6,27,3,"Phoebe","PBM",2,163,"L",4,"flr","medium",1,"orange","Polemoniaceae","Collomia","grandiflora",NA,"Native",NA,NA,NA,"Collomia grandiflora NA"
6,27,3,"Phoebe","PBM",3,218,"L",4,"infl","small",1,"purple","Polemoniaceae","Microsteris","gracilis",NA,"Native",NA,NA,NA,"Microsteris gracilis NA"
6,27,3,"Phoebe","PBM",3,218,"L",39,"flr","medium",1,"orange","Polemoniaceae","Collomia","grandiflora",NA,"Native",NA,NA,NA,"Collomia grandiflora NA"
6,27,3,"Phoebe","PBM",3,218,"L",1,"stm","small",1,"yellow","Asteraceae","Matricaria","discoidea",NA,"Non-native","N",NA,NA,"Matricaria discoidea NA"
6,27,3,"Phoebe","PBM",4,361,"L",0,NA,NA,0,NA,NA,NA,NA,NA,NA,NA,0,NA,"NA NA NA"
6,27,3,"Phoebe","PBM",5,433,"R",0,NA,NA,0,NA,NA,NA,NA,NA,NA,NA,0,NA,"NA NA NA"
7,6,4,"Phoebe","ABR",1,97,"R",2,"stm","large",1,"white","Asteraceae","Achillea","millefolium",NA,"Non-native","Y",NA,NA,"Achillea millefolium NA"
7,6,4,"Phoebe","ABR",2,137,"R",5,"head","small",1,"yellow, white","Asteraceae","Erigeron","divergens",NA,"Native",NA,NA,NA,"Erigeron divergens NA"
7,6,4,"Phoebe","ABR",3,240,"R",6,"infl","small",1,"yellow","Brassicaceae","Sisymbrium","altissimum",NA,"Non-native",NA,NA,NA,"Sisymbrium altissimum NA"
7,6,4,"Phoebe","ABR",3,240,"R",9,"flr","medium",1,"yellow","Rosaceae","Potentilla","recta",NA,"Non-native",NA,NA,NA,"Potentilla recta NA"
7,6,4,"Phoebe","ABR",3,240,"R",3,"infl","small",1,"white","Boraginaceae","Buglossoides","arvensis",NA,"Non-native",NA,NA,NA,"Buglossoides arvensis NA"
7,6,4,"Phoebe","ABR",4,326,"R",29,"infl","small",1,"yellow","Brassicaceae","Sisymbrium","altissimum",NA,"Non-native",NA,NA,NA,"Sisymbrium altissimum NA"
7,6,4,"Phoebe","ABR",5,456,"R",0,NA,NA,0,NA,NA,NA,NA,NA,NA,NA,0,NA,"NA NA NA"
7,6,4,"Phoebe","MGT",1,95,"L",0,NA,NA,0,NA,NA,NA,NA,NA,NA,NA,0,NA,"NA NA NA"
7,6,4,"Phoebe","MGT",2,165,"R",1,"flr","small",1,"purple","Polemoniaceae","Polemonium","pulcherrimum",NA,"Native",NA,NA,NA,"Polemonium pulcherrimum NA"
7,6,4,"Phoebe","MGT",3,244,"L",0,NA,NA,0,NA,NA,NA,NA,NA,NA,NA,0,NA,"NA NA NA"
7,6,4,"Phoebe","MGT",4,372,"R",0,NA,NA,0,NA,NA,NA,NA,NA,NA,NA,0,NA,"NA NA NA"
7,6,4,"Phoebe","MGT",5,420,"R",1,"flr","large",2,"yellow","Liliaceae","Lilium","columbianum",NA,"Native",NA,NA,NA,"Lilium columbianum NA"
7,6,4,"Phoebe","GBH",1,68,"L",79,"infl","medium",1,"pink","Fabaceae","Trifolium","hybridum",NA,"Non-native",NA,NA,NA,"Trifolium hybridum NA"
7,6,4,"Phoebe","GBH",1,68,"L",17,"infl","small",1,"yellow","Fabaceae","Medicago","lupulina",NA,"Non-native",NA,NA,NA,"Medicago lupulina NA"
7,6,4,"Phoebe","GBH",2,170,"R",3,"infl","small",1,"pink","Fabaceae","Trifolium","hybridum",NA,"Non-native",NA,NA,NA,"Trifolium hybridum NA"
7,6,4,"Phoebe","GBH",2,170,"R",5,"infl","small",1,"yellow","Fabaceae","Medicago","lupulina",NA,"Non-native",NA,NA,NA,"Medicago lupulina NA"
7,6,4,"Phoebe","GBH",2,170,"R",15,"stm","large",6,"yellow","Asteraceae","Tanacetum","vulgare",NA,"Non-native",NA,NA,NA,"Tanacetum vulgare NA"
7,6,4,"Phoebe","GBH",2,170,"R",54,"flr","medium",2,"purple","Asteraceae","Cichorium","intybus",NA,"Non-native",NA,NA,NA,"Cichorium intybus NA"
7,6,4,"Phoebe","GBH",2,170,"R",7,"infl","large",1,"white","Apiaceae","Daucus","carota",NA,"Non-native","Y",NA,NA,"Daucus carota NA"
7,6,4,"Phoebe","GBH",2,170,"R",6,"infl","small",1,"white","Fabaceae","Melilotus","albus",NA,"Non-native",NA,NA,NA,"Melilotus albus NA"
7,6,4,"Phoebe","GBH",3,245,"R",32,"infl","medium",1,"pink","Fabaceae","Trifolium","hybridum",NA,"Non-native",NA,NA,NA,"Trifolium hybridum NA"
7,6,4,"Phoebe","GBH",3,245,"R",1,"stm","medium",1,"yellow","Asteraceae","Tanacetum","vulgare",NA,"Non-native",NA,NA,NA,"Tanacetum vulgare NA"
7,6,4,"Phoebe","GBH",3,245,"R",1,"infl","medium",1,"white","Apiaceae","Daucus","carota",NA,"Non-native","Y",NA,NA,"Daucus carota NA"
7,6,4,"Phoebe","GBH",3,245,"R",25,"infl","medium",1,"pink","Fabaceae","Trifolium","pratense",NA,"Non-native","Y",NA,NA,"Trifolium pratense NA"
7,6,4,"Phoebe","GBH",4,396,"L",2,"infl","medium",1,"pink","Fabaceae","Trifolium","hybridum",NA,"Non-native",NA,NA,NA,"Trifolium hybridum NA"
7,6,4,"Phoebe","GBH",4,396,"L",9,"stm","large",2,"yellow","Asteraceae","Tanacetum","vulgare",NA,"Non-native",NA,NA,NA,"Tanacetum vulgare NA"
7,6,4,"Phoebe","GBH",5,456,"L",14,"infl","medium",1,"white","Fabaceae","Trifolium","repens",NA,"Non-native","Y",NA,NA,"Trifolium repens NA"
7,6,4,"Phoebe","GBH",5,456,"L",3,"infl","medium",1,"pink","Fabaceae","Trifolium","pratense",NA,"Non-native","Y",NA,NA,"Trifolium pratense NA"
7,6,4,"Phoebe","CCM",1,20,"L",43,"stm","medium",1,"yellow","Asteraceae","Matricaria","discoidea",NA,"Non-native","N",NA,"Mowed since previous visit","Matricaria discoidea NA"
7,6,4,"Phoebe","CCM",2,192,"R",18,"infl","medium",1,"purple","Fabaceae","Vicia","cracca",NA,"Non-native","Y",NA,"Mowed since previous visit","Vicia cracca NA"
7,6,4,"Phoebe","CCM",3,209,"L",8,"stm","large",4,"yellow","Asteraceae","Jacobaea","vulgaris",NA,"Non-native","Y",NA,"Mowed since previous visit","Jacobaea vulgaris NA"
7,6,4,"Phoebe","CCM",4,388,"R",0,NA,NA,0,NA,NA,NA,NA,NA,NA,NA,0,"Mowed since previous visit","NA NA NA"
7,6,4,"Phoebe","CCM",5,402,"L",1,"stm","large",2,"yellow, white","Asteraceae","Erigeron","annuus",NA,"Non-native",NA,NA,"Mowed since previous visit","Erigeron annuus NA"
7,6,4,"Phoebe","CCM",5,402,"L",1,"stm","medium",1,"purple","Asteraceae","Cirsium","vulgare",NA,"Non-native","Y",NA,"Mowed since previous visit","Cirsium vulgare NA"
7,7,4,"Phoebe","KPP",1,32,"R",1,"stm","medium",1,"white","Asteraceae","Achillea","millefolium",NA,"Non-native","Y",NA,NA,"Achillea millefolium NA"
7,7,4,"Phoebe","KPP",2,139,"L",2,"stm","medium",1,"white","Asteraceae","Achillea","millefolium",NA,"Non-native","Y",NA,NA,"Achillea millefolium NA"
7,7,4,"Phoebe","KPP",3,236,"R",94,"infl","small",1,"purple","Fabaceae","Medicago","sativa",NA,"Non-native",NA,NA,NA,"Medicago sativa NA"
7,7,4,"Phoebe","KPP",4,396,"R",9,"infl","small",1,"purple","Fabaceae","Medicago","sativa",NA,"Non-native",NA,NA,NA,"Medicago sativa NA"
7,7,4,"Phoebe","KPP",5,462,"L",25,"infl","small",1,"purple","Fabaceae","Medicago","sativa",NA,"Non-native",NA,NA,NA,"Medicago sativa NA"
7,7,4,"Phoebe","PSL",1,61,"L",0,NA,NA,0,NA,NA,NA,NA,NA,NA,NA,0,NA,"NA NA NA"
7,7,4,"Phoebe","PSL",2,184,"R",0,NA,NA,0,NA,NA,NA,NA,NA,NA,NA,0,NA,"NA NA NA"
7,7,4,"Phoebe","PSL",3,237,"L",6,"stm","medium",1,"yellow","Asteraceae","Ericameria","nauseosa",NA,"Native",NA,NA,NA,"Ericameria nauseosa NA"
7,7,4,"Phoebe","PSL",4,370,"R",17,"infl","small",1,"purple","Fabaceae","Medicago","sativa",NA,"Non-native",NA,NA,NA,"Medicago sativa NA"
7,7,4,"Phoebe","PSL",5,477,"R",0,NA,NA,0,NA,NA,NA,NA,NA,NA,NA,0,NA,"NA NA NA"
7,7,4,"Phoebe","MMF",1,70,"R",6,"stm","small",1,"white","Rubiaceae","Galium","boreale",NA,"Native",NA,NA,NA,"Galium boreale NA"
7,7,4,"Phoebe","MMF",1,70,"R",2,"stm","large",1,"white","Asteraceae","Achillea","millefolium",NA,"Non-native","Y",NA,NA,"Achillea millefolium NA"
7,7,4,"Phoebe","MMF",1,70,"R",9,"flr","small",1,"white","Caryophyllaceae","Moehringia","https://www.inaturalist.org/observations/386147076",NA,NA,NA,NA,NA,"Moehringia https://www.inaturalist.org/observations/386147076 NA"
7,7,4,"Phoebe","MMF",1,70,"R",8,"infl","small",1,"white","Fabaceae","Trifolium","repens",NA,"Non-native","Y",NA,NA,"Trifolium repens NA"
7,7,4,"Phoebe","MMF",2,199,"L",8,"infl","medium",1,"pink","Fabaceae","Astragalus","miser",NA,"Native",NA,NA,NA,"Astragalus miser NA"
7,7,4,"Phoebe","MMF",3,244,"L",10,"stm","medium",1,"white","Rubiaceae","Galium","boreale",NA,"Native",NA,NA,NA,"Galium boreale NA"
7,7,4,"Phoebe","MMF",3,244,"L",5,"infl","large",1,"red","Orobanchaceae","Castilleja","miniata",NA,"Native",NA,NA,NA,"Castilleja miniata NA"
7,7,4,"Phoebe","MMF",4,341,"R",1,"infl","medium",1,"purple","Fabaceae","Astragalus","miser",NA,"Native",NA,NA,NA,"Astragalus miser NA"
7,7,4,"Phoebe","MMF",5,425,"L",2,"stm","medium",1,"white","Rubiaceae","Galium","boreale",NA,"Native",NA,NA,NA,"Galium boreale NA"
7,7,4,"Phoebe","FLT",1,64,"R",2,"infl","small",1,"pink","Onagraceae","Epilobium","ciliatum",NA,"Native","Y",NA,NA,"Epilobium ciliatum NA"
7,7,4,"Phoebe","FLT",1,64,"R",4,"flr","small",1,"pink","Caryophyllaceae","Spergularia","rubra",NA,"Non-native",NA,NA,NA,"Spergularia rubra NA"
7,7,4,"Phoebe","FLT",1,64,"R",4,"infl","medium",1,"red","Orobanchaceae","Castilleja","miniata",NA,"Native",NA,NA,NA,"Castilleja miniata NA"
7,7,4,"Phoebe","FLT",1,64,"R",2,"stm","medium",1,"white","Caprifoliaceae","Valeriana","sitchensis",NA,"Native",NA,NA,"Update nectaring if not Sitka valerian","Valeriana sitchensis NA"
7,7,4,"Phoebe","FLT",1,64,"R",4,"flr","small",1,"yellow","Rosaceae","Geum","macrophyllum",NA,"Native",NA,NA,NA,"Geum macrophyllum NA"
7,7,4,"Phoebe","FLT",1,64,"R",16,"infl","small",1,"purple","Plantaginaceae","Veronica","americana",NA,"Native",NA,NA,NA,"Veronica americana NA"
7,7,4,"Phoebe","FLT",1,64,"R",1,"flr","small",1,"white","Rosaceae","Fragaria","virginiana",NA,"Native",NA,NA,NA,"Fragaria virginiana NA"
7,7,4,"Phoebe","FLT",1,64,"R",2,"infl","small",1,"white","Polemoniaceae","Microsteris","gracilis",NA,"Native",NA,NA,NA,"Microsteris gracilis NA"
7,7,4,"Phoebe","FLT",2,137,"L",12,"infl","medium",1,"white","Fabaceae","Trifolium","repens",NA,"Non-native","Y",NA,NA,"Trifolium repens NA"
7,7,4,"Phoebe","FLT",2,137,"L",1,"infl","small",1,"pink","Polemoniaceae","Microsteris","gracilis",NA,"Native",NA,NA,NA,"Microsteris gracilis NA"
7,7,4,"Phoebe","FLT",3,209,"R",4,"infl","medium",1,"purple","Fabaceae","Lupinus","arcticus",NA,"Native",NA,NA,NA,"Lupinus arcticus NA"
7,7,4,"Phoebe","FLT",3,209,"R",3,"infl","small",1,"white","Asteraceae","Anaphalis","margaritacea",NA,"Native",NA,NA,NA,"Anaphalis margaritacea NA"
7,7,4,"Phoebe","FLT",4,386,"R",17,"flr","small",1,"pink","Caryophyllaceae","Spergularia","rubra",NA,"Non-native",NA,NA,NA,"Spergularia rubra NA"
7,7,4,"Phoebe","FLT",4,386,"R",3,"infl","small",1,"purple","Plantaginaceae","Veronica","americana",NA,"Native",NA,NA,NA,"Veronica americana NA"
7,7,4,"Phoebe","FLT",4,386,"R",1,"infl","large",1,"purple","Plantaginaceae","Penstemon","serrulatus",NA,"Native",NA,NA,NA,"Penstemon serrulatus NA"
7,7,4,"Phoebe","FLT",4,386,"R",7,"infl","small",1,"yellow","Brassicaceae","Rorippa","https://www.inaturalist.org/observations/386733496",NA,NA,NA,NA,NA,"Rorippa https://www.inaturalist.org/observations/386733496 NA"
7,7,4,"Phoebe","FLT",5,437,"L",1,"infl","small",1,"pink","Onagraceae","Epilobium","ciliatum",NA,"Native","Y",NA,NA,"Epilobium ciliatum NA"
7,7,4,"Phoebe","FLT",5,437,"L",15,"infl","medium",1,"white, pink","Fabaceae","Trifolium","hybridum",NA,"Non-native",NA,NA,NA,"Trifolium hybridum NA"
7,7,4,"Phoebe","FLT",5,437,"L",2,"head","medium",1,"purple","Asteraceae","Cirsium","edule",NA,"Native",NA,NA,NA,"Cirsium edule NA"
7,8,4,"Phoebe","KSP",1,64,"L",3,"head","medium",1,"yellow","Asteraceae","Grindelia","squarrosa",NA,"Native",NA,NA,NA,"Grindelia squarrosa NA"
7,8,4,"Phoebe","KSP",1,64,"L",4,"infl","small",1,"yellow","Brassicaceae","Sisymbrium","loeselii",NA,"Non-native",NA,NA,NA,"Sisymbrium loeselii NA"
7,8,4,"Phoebe","KSP",2,181,"R",1,"infl","small",1,"yellow","Brassicaceae","Sisymbrium","loeselii",NA,"Non-native",NA,NA,NA,"Sisymbrium loeselii NA"
7,8,4,"Phoebe","KSP",2,181,"R",NA,NA,NA,9,"white","Caryophyllaceae","Gypsophila","paniculata",NA,"Non-native",NA,NA,NA,"Gypsophila paniculata NA"
7,8,4,"Phoebe","KSP",2,181,"R",26,"infl","small",1,"purple","Fabaceae","Medicago","sativa",NA,"Non-native",NA,NA,NA,"Medicago sativa NA"
7,8,4,"Phoebe","KSP",3,200,"L",NA,NA,NA,15,"white","Caryophyllaceae","Gypsophila","paniculata",NA,"Non-native",NA,NA,NA,"Gypsophila paniculata NA"
7,8,4,"Phoebe","KSP",3,200,"L",9,"infl","medium",1,"white","Brassicaceae","Berteroa","incana",NA,"Non-native",NA,NA,NA,"Berteroa incana NA"
7,8,4,"Phoebe","KSP",4,303,"L",0,NA,NA,0,NA,NA,NA,NA,NA,NA,NA,0,NA,"NA NA NA"
7,8,4,"Phoebe","KSP",5,487,"R",NA,NA,NA,3,"white","Caryophyllaceae","Gypsophila","paniculata",NA,"Non-native",NA,NA,NA,"Gypsophila paniculata NA"
7,8,4,"Phoebe","KSP",5,487,"R",3,"infl","small",1,"white","Apocynaceae","Apocynum","cannabinum",NA,"Native",NA,NA,NA,"Apocynum cannabinum NA"
7,8,4,"Phoebe","OKF",1,36,"R",1,"stm","medium",1,"white","Asteraceae","Achillea","millefolium",NA,"Non-native","Y",NA,NA,"Achillea millefolium NA"
7,8,4,"Phoebe","OKF",1,36,"R",1,"head","medium",1,"yellow","Asteraceae","Grindelia","squarrosa",NA,"Native",NA,NA,NA,"Grindelia squarrosa NA"
7,8,4,"Phoebe","OKF",2,102,"R",1,"infl","medium",1,"yellow","Plantaginaceae","Linaria","dalmatica",NA,"Non-native",NA,NA,NA,"Linaria dalmatica NA"
7,8,4,"Phoebe","OKF",3,232,"L",107,"infl","medium",2,"purple","Fabaceae","Medicago","sativa",NA,"Non-native",NA,NA,NA,"Medicago sativa NA"
7,8,4,"Phoebe","OKF",4,381,"R",423,"infl","medium",5,"purple","Fabaceae","Medicago","sativa",NA,"Non-native",NA,NA,NA,"Medicago sativa NA"
7,8,4,"Phoebe","OKF",5,460,"R",27,"infl","medium",1,"purple","Fabaceae","Medicago","sativa",NA,"Non-native",NA,NA,NA,"Medicago sativa NA"
7,8,4,"Phoebe","OKF",5,460,"R",18,"infl","medium",1,"yellow","Brassicaceae","Sisymbrium","loeselii",NA,"Non-native",NA,NA,NA,"Sisymbrium loeselii NA"
7,8,4,"Phoebe","RTT",1,74,"L",63,"infl","medium",1,"white","Brassicaceae","Berteroa","incana",NA,"Non-native",NA,NA,NA,"Berteroa incana NA"
7,8,4,"Phoebe","RTT",1,74,"L",59,"infl","medium",1,"yellow","Brassicaceae","Sisymbrium","loeselii",NA,"Non-native",NA,NA,NA,"Sisymbrium loeselii NA"
7,8,4,"Phoebe","RTT",1,74,"L",NA,NA,NA,2,"white","Caryophyllaceae","Gypsophila","paniculata",NA,"Non-native",NA,NA,NA,"Gypsophila paniculata NA"
7,8,4,"Phoebe","RTT",2,139,"L",90,"infl","medium",2,"yellow","Brassicaceae","Sisymbrium","loeselii",NA,"Non-native",NA,NA,NA,"Sisymbrium loeselii NA"
7,8,4,"Phoebe","RTT",2,139,"L",NA,NA,NA,1,"white","Caryophyllaceae","Gypsophila","paniculata",NA,"Non-native",NA,NA,NA,"Gypsophila paniculata NA"
7,8,4,"Phoebe","RTT",3,212,"L",5,"infl","medium",1,"white","Brassicaceae","Berteroa","incana",NA,"Non-native",NA,NA,NA,"Berteroa incana NA"
7,8,4,"Phoebe","RTT",3,212,"L",39,"infl","small",1,"yellow","Brassicaceae","Sisymbrium","loeselii",NA,"Non-native",NA,NA,NA,"Sisymbrium loeselii NA"
7,8,4,"Phoebe","RTT",3,212,"L",NA,NA,NA,1,"white","Caryophyllaceae","Gypsophila","paniculata",NA,"Non-native",NA,NA,NA,"Gypsophila paniculata NA"
7,8,4,"Phoebe","RTT",3,212,"L",138,"infl","medium",3,"purple","Fabaceae","Medicago","sativa",NA,"Non-native",NA,NA,NA,"Medicago sativa NA"
7,8,4,"Phoebe","RTT",4,384,"R",94,"infl","medium",2,"white","Brassicaceae","Berteroa","incana",NA,"Non-native",NA,NA,NA,"Berteroa incana NA"
7,8,4,"Phoebe","RTT",4,384,"R",25,"infl","small",1,"yellow","Brassicaceae","Sisymbrium","loeselii",NA,"Non-native",NA,NA,NA,"Sisymbrium loeselii NA"
7,8,4,"Phoebe","RTT",4,384,"R",2,"flr","small",1,"purple","Geraniaceae","Erodium","cicutarium",NA,"Non-native",NA,NA,NA,"Erodium cicutarium NA"
7,8,4,"Phoebe","RTT",5,499,"R",12,"infl","medium",1,"white","Brassicaceae","Berteroa","incana",NA,"Non-native",NA,NA,NA,"Berteroa incana NA"
7,8,4,"Phoebe","RTT",5,499,"R",9,"infl","medium",1,"yellow","Brassicaceae","Sisymbrium","loeselii",NA,"Non-native",NA,NA,NA,"Sisymbrium loeselii NA"
7,8,4,"Phoebe","RTT",5,499,"R",NA,NA,NA,1,"white","Asteraceae","Centaurea","diffusa",NA,"Non-native",NA,NA,NA,"Centaurea diffusa NA"
7,8,4,"Phoebe","JMS",1,61,"L",18,"head","small",1,"purple","Asteraceae","Rhaponticum","repens",NA,"Non-native",NA,NA,"Mowed since previous visit","Rhaponticum repens NA"
7,8,4,"Phoebe","JMS",1,61,"L",5,"flr","small",1,"white","Caryophyllaceae","Silene","vulgaris",NA,"Non-native",NA,NA,"Mowed since previous visit","Silene vulgaris NA"
7,8,4,"Phoebe","JMS",1,61,"L",1,"infl","small",1,"yellow","Brassicaceae","Sisymbrium","loeselii",NA,"Non-native",NA,NA,"Mowed since previous visit","Sisymbrium loeselii NA"
7,8,4,"Phoebe","JMS",2,128,"L",1,"flr","small",1,"white","Caryophyllaceae","Silene","vulgaris",NA,"Non-native",NA,NA,"Mowed since previous visit","Silene vulgaris NA"
7,8,4,"Phoebe","JMS",2,128,"L",3,"infl","small",1,"white","Fabaceae","Melilotus","albus",NA,"Non-native",NA,NA,"Mowed since previous visit","Melilotus albus NA"
7,8,4,"Phoebe","JMS",3,280,"L",36,"infl","medium",1,"purple","Fabaceae","Medicago","sativa",NA,"Non-native",NA,NA,"Mowed since previous visit","Medicago sativa NA"
7,8,4,"Phoebe","JMS",3,280,"L",1,"infl","medium",1,"pink","Apocynaceae","Asclepias","speciosa",NA,"Native",NA,NA,"Mowed since previous visit","Asclepias speciosa NA"
7,8,4,"Phoebe","JMS",4,356,"L",15,"infl","small",1,"yellow","Brassicaceae","Sisymbrium","loeselii",NA,"Non-native",NA,NA,"Mowed since previous visit","Sisymbrium loeselii NA"
7,8,4,"Phoebe","JMS",5,464,"L",10,"infl","small",1,"yellow","Brassicaceae","Sisymbrium","loeselii",NA,"Non-native",NA,NA,"Mowed since previous visit","Sisymbrium loeselii NA"
7,8,4,"Phoebe","KWL",1,77,"L",0,NA,NA,0,NA,NA,NA,NA,NA,NA,NA,0,NA,"NA NA NA"
7,8,4,"Phoebe","KWL",2,189,"R",1,"stm","medium",1,"white","Asteraceae","Achillea","millefolium",NA,"Non-native","Y",NA,NA,"Achillea millefolium NA"
7,8,4,"Phoebe","KWL",2,189,"R",87,"infl","small",1,"purple","Fabaceae","Medicago","sativa",NA,"Non-native",NA,NA,NA,"Medicago sativa NA"
7,8,4,"Phoebe","KWL",3,270,"L",183,"infl","medium",2,"white","Fabaceae","Melilotus","albus",NA,"Non-native",NA,NA,NA,"Melilotus albus NA"
7,8,4,"Phoebe","KWL",4,320,"L",3,"infl","small",1,"purple","Fabaceae","Medicago","sativa",NA,"Non-native",NA,NA,NA,"Medicago sativa NA"
7,8,4,"Phoebe","KWL",4,320,"L",6,"infl","medium",1,"white","Fabaceae","Melilotus","albus",NA,"Non-native",NA,NA,NA,"Melilotus albus NA"
7,8,4,"Phoebe","KWL",5,428,"R",2,"infl","small",1,"purple","Fabaceae","Medicago","sativa",NA,"Non-native",NA,NA,NA,"Medicago sativa NA"
7,9,4,"Phoebe","UBC",1,19,"R",1,"flr","small",1,"yellow","Rosaceae","Potentilla","argentea",NA,"Non-native",NA,NA,NA,"Potentilla argentea NA"
7,9,4,"Phoebe","UBC",2,117,"L",1,"flr","small",1,"yellow","Rosaceae","Potentilla","argentea",NA,"Non-native",NA,NA,NA,"Potentilla argentea NA"
7,9,4,"Phoebe","UBC",3,204,"R",3,"flr","small",1,"yellow","Rosaceae","Potentilla","argentea",NA,"Non-native",NA,NA,NA,"Potentilla argentea NA"
7,9,4,"Phoebe","UBC",4,327,"R",0,NA,NA,0,NA,NA,NA,NA,NA,NA,NA,0,NA,"NA NA NA"
7,9,4,"Phoebe","UBC",5,403,"L",2,"head","small",1,"white","Asteraceae","Centaurea","diffusa",NA,"Non-native",NA,NA,NA,"Centaurea diffusa NA"
7,9,4,"Phoebe","KMP",1,72,"R",13,"infl","medium",1,"yellow","Brassicaceae","Sisymbrium","loeselii",NA,"Non-native",NA,NA,NA,"Sisymbrium loeselii NA"
7,9,4,"Phoebe","KMP",2,195,"L",8,"flr","small",1,"purple","Geraniaceae","Erodium","cicutarium",NA,"Non-native",NA,NA,NA,"Erodium cicutarium NA"
7,9,4,"Phoebe","KMP",2,195,"L",7,"stm","large",2,"white","Asteraceae","Achillea","millefolium",NA,"Non-native","Y",NA,NA,"Achillea millefolium NA"
7,9,4,"Phoebe","KMP",3,244,"L",0,NA,NA,0,NA,NA,NA,NA,NA,NA,NA,0,NA,"NA NA NA"
7,9,4,"Phoebe","KMP",4,342,"L",1,"flr","small",1,"yellow","Rosaceae","Potentilla","recta",NA,"Non-native",NA,NA,NA,"Potentilla recta NA"
7,9,4,"Phoebe","KMP",4,342,"L",3,"flr","small",1,"yellow","Primulaceae","Lysimachia","ciliata",NA,"Native",NA,NA,NA,"Lysimachia ciliata NA"
7,9,4,"Phoebe","KMP",5,417,"L",49,"infl","medium",1,"yellow","Brassicaceae","Sisymbrium","loeselii",NA,"Non-native",NA,NA,NA,"Sisymbrium loeselii NA"
7,9,4,"Phoebe","KMP",5,417,"L",2,"flr","small",1,"pink","Malvaceae","Malva","neglecta",NA,"Non-native",NA,NA,NA,"Malva neglecta NA"
7,9,4,"Phoebe","KMP",5,417,"L",130,"infl","medium",2,"white","Brassicaceae","Berteroa","incana",NA,"Non-native",NA,NA,NA,"Berteroa incana NA"
7,9,4,"Phoebe","KMP",5,417,"L",48,"infl","medium",1,"purple","Boraginaceae","Anchusa","officinalis",NA,"Non-native",NA,NA,NA,"Anchusa officinalis NA"
7,9,4,"Phoebe","PML",1,67,"L",77,"infl","small",1,"purple","Fabaceae","Medicago","sativa",NA,"Non-native",NA,NA,NA,"Medicago sativa NA"
7,9,4,"Phoebe","PML",1,67,"L",2,"head","small",1,"yellow","Asteraceae","Heterotheca",NA,NA,"Native",NA,NA,"All Heterotheca species in BC are native","Heterotheca NA NA"
7,9,4,"Phoebe","PML",2,117,"L",86,"infl","small",1,"purple","Fabaceae","Medicago","sativa",NA,"Non-native",NA,NA,NA,"Medicago sativa NA"
7,9,4,"Phoebe","PML",2,117,"L",318,"infl","medium",7,"white","Fabaceae","Melilotus","albus",NA,"Non-native",NA,NA,NA,"Melilotus albus NA"
7,9,4,"Phoebe","PML",3,231,"R",77,"infl","medium",1,"purple","Fabaceae","Medicago","sativa",NA,"Non-native",NA,NA,NA,"Medicago sativa NA"
7,9,4,"Phoebe","PML",3,231,"R",NA,NA,NA,3,"white","Caryophyllaceae","Gypsophila","paniculata",NA,"Non-native",NA,NA,NA,"Gypsophila paniculata NA"
7,9,4,"Phoebe","PML",4,358,"R",62,"infl","medium",1,"purple","Fabaceae","Medicago","sativa",NA,"Non-native",NA,NA,NA,"Medicago sativa NA"
7,9,4,"Phoebe","PML",4,358,"R",48,"infl","medium",1,"white","Fabaceae","Melilotus","albus",NA,"Non-native",NA,NA,NA,"Melilotus albus NA"
7,9,4,"Phoebe","PML",5,485,"R",23,"infl","medium",1,"white","Fabaceae","Melilotus","albus",NA,"Non-native",NA,NA,NA,"Melilotus albus NA"
7,9,4,"Phoebe","RRP",1,55,"L",0,NA,NA,0,NA,NA,NA,NA,NA,NA,NA,0,NA,"NA NA NA"
7,9,4,"Phoebe","RRP",2,114,"L",1,"infl","large",1,"purple","Onagraceae","Chamaenerion","angustifolium",NA,"Native","Y",NA,NA,"Chamaenerion angustifolium NA"
7,9,4,"Phoebe","RRP",2,114,"L",1,"flr","small",1,"purple","Liliaceae","Calochortus","macrocarpus",NA,"Native",NA,NA,NA,"Calochortus macrocarpus NA"
7,9,4,"Phoebe","RRP",3,293,"R",0,NA,NA,0,NA,NA,NA,NA,NA,NA,NA,0,NA,"NA NA NA"
7,9,4,"Phoebe","RRP",4,343,"L",36,"infl","small",1,"pink","Apocynaceae","Apocynum","androsaemifolium",NA,"Native",NA,NA,NA,"Apocynum androsaemifolium NA"
7,9,4,"Phoebe","RRP",5,421,"R",0,NA,NA,0,NA,NA,NA,NA,NA,NA,NA,0,NA,"NA NA NA"
7,10,4,"Phoebe","OHR",1,84,"L",1,"stm","large",1,"white","Asteraceae","Achillea","millefolium",NA,"Non-native","Y",NA,NA,"Achillea millefolium NA"
7,10,4,"Phoebe","OHR",2,152,"L",1,"head","large",1,"yellow","Asteraceae","Tragopogon","dubius",NA,"Non-native",NA,NA,NA,"Tragopogon dubius NA"
7,10,4,"Phoebe","OHR",3,294,"R",0,NA,NA,0,NA,NA,NA,NA,NA,NA,NA,0,NA,"NA NA NA"
7,10,4,"Phoebe","OHR",4,370,"R",2,"stm","medium",1,"white","Asteraceae","Achillea","millefolium",NA,"Non-native","Y",NA,NA,"Achillea millefolium NA"
7,10,4,"Phoebe","OHR",4,370,"R",5,"infl","small",1,"pink","Apocynaceae","Apocynum","androsaemifolium",NA,"Native",NA,NA,NA,"Apocynum androsaemifolium NA"
7,10,4,"Phoebe","OHR",5,474,"L",7,"infl","medium",1,"yellow","Scrophulariaceae","Verbascum","thapsus",NA,"Non-native",NA,NA,NA,"Verbascum thapsus NA"
7,10,4,"Phoebe","PBM",1,15,"L",9,"head","medium",1,"yellow, white","Asteraceae","Tripleurospermum","inodorum",NA,"Non-native","Y",NA,NA,"Tripleurospermum inodorum NA"
7,10,4,"Phoebe","PBM",1,15,"L",27,"flr","small",1,"white","Caryophyllaceae","Silene","latifolia",NA,"Non-native","Y",NA,NA,"Silene latifolia NA"
7,10,4,"Phoebe","PBM",1,15,"L",9,"infl","small",1,"pink","Fabaceae","Trifolium","hybridum",NA,"Non-native",NA,NA,NA,"Trifolium hybridum NA"
7,10,4,"Phoebe","PBM",1,15,"L",1,"head","medium",1,"yellow","Asteraceae","Taraxacum",NA,NA,NA,"Y",NA,NA,"Taraxacum NA NA"
7,10,4,"Phoebe","PBM",2,106,"R",6,"head","medium",1,"yellow, white","Asteraceae","Tripleurospermum","inodorum",NA,"Non-native","Y",NA,NA,"Tripleurospermum inodorum NA"
7,10,4,"Phoebe","PBM",2,106,"R",6,"flr","medium",1,"white","Caryophyllaceae","Silene","latifolia",NA,"Non-native","Y",NA,NA,"Silene latifolia NA"
7,10,4,"Phoebe","PBM",2,106,"R",6,"infl","medium",1,"pink","Fabaceae","Trifolium","hybridum",NA,"Non-native",NA,NA,NA,"Trifolium hybridum NA"
7,10,4,"Phoebe","PBM",2,106,"R",6,"stm","large",2,"white","Asteraceae","Achillea","millefolium",NA,"Non-native","Y",NA,NA,"Achillea millefolium NA"
7,10,4,"Phoebe","PBM",3,252,"L",2,"head","small",1,"yellow, white","Asteraceae","Tripleurospermum","inodorum",NA,"Non-native","Y",NA,NA,"Tripleurospermum inodorum NA"
7,10,4,"Phoebe","PBM",3,252,"L",4,"infl","medium",1,"white","Brassicaceae","Berteroa","incana",NA,"Non-native",NA,NA,NA,"Berteroa incana NA"
7,10,4,"Phoebe","PBM",3,252,"L",4,"head","small",1,"yellow","Asteraceae","Matricaria","discoidea",NA,"Non-native","N",NA,NA,"Matricaria discoidea NA"
7,10,4,"Phoebe","PBM",4,310,"R",4,"head","medium",1,"yellow, white","Asteraceae","Tripleurospermum","inodorum",NA,"Non-native","Y",NA,NA,"Tripleurospermum inodorum NA"
7,10,4,"Phoebe","PBM",4,310,"R",5,"infl","small",1,"pink","Fabaceae","Trifolium","hybridum",NA,"Non-native",NA,NA,NA,"Trifolium hybridum NA"
7,10,4,"Phoebe","PBM",4,310,"R",1,"flr","small",1,"yellow","Rosaceae","Potentilla","argentea",NA,"Non-native",NA,NA,NA,"Potentilla argentea NA"
7,10,4,"Phoebe","PBM",4,310,"R",6,"flr","small",1,"pink","Onagraceae","Epilobium","brachycarpum",NA,"Native",NA,NA,NA,"Epilobium brachycarpum NA"
7,10,4,"Phoebe","PBM",5,419,"R",1,"infl","medium",1,"pink","Fabaceae","Trifolium","hybridum",NA,"Non-native",NA,NA,NA,"Trifolium hybridum NA"
7,10,4,"Phoebe","PBM",5,419,"R",1,"flr","small",1,"white","Polemoniaceae","Microsteris","gracilis",NA,"Native",NA,NA,NA,"Microsteris gracilis NA"
7,10,4,"Phoebe","PBM",5,419,"R",2,"infl","large",1,"yellow","Rosaceae","Spiraea","lucida",NA,"Native",NA,NA,NA,"Spiraea lucida NA"
7,12,4,"Freya","BGP",1,66,"L",25,"stm","large",8,"yellow","Asteraceae","Tanacetum","vulgare",NA,"Non-native",NA,NA,NA,"Tanacetum vulgare NA"
7,12,4,"Freya","BGP",1,66,"L",9,"stm",NA,2,"white","Asteraceae","Achillea","millefolium",NA,"Non-native","Y",NA,NA,"Achillea millefolium NA"
7,12,4,"Freya","BGP",1,66,"L",9,"flr","small",1,"purple","Asteraceae","Cirsium","arvense",NA,"Non-native","Y",NA,NA,"Cirsium arvense NA"
7,12,4,"Freya","BGP",2,118,"R",15,"stm","large",2,"yellow","Asteraceae","Tanacetum","vulgare",NA,"Non-native",NA,NA,NA,"Tanacetum vulgare NA"
7,12,4,"Freya","BGP",2,118,"R",1,"infl","large",1,"yellow","Apiaceae","Foeniculum","vulgare",NA,"Non-native",NA,NA,NA,"Foeniculum vulgare NA"
7,12,4,"Freya","BGP",3,211,"L",22,"stm",NA,2,"white","Asteraceae","Achillea","millefolium",NA,"Non-native","Y",NA,NA,"Achillea millefolium NA"
7,12,4,"Freya","BGP",3,211,"L",6,"flr","small",1,"purple","Geraniaceae","Erodium","cicutarium",NA,"Non-native",NA,NA,NA,"Erodium cicutarium NA"
7,12,4,"Freya","BGP",4,343,"L",0,NA,NA,0,NA,NA,NA,NA,NA,NA,NA,0,NA,"NA NA NA"
7,12,4,"Freya","BGP",5,410,"R",2,"stm",NA,1,"white","Asteraceae","Achillea","millefolium",NA,"Non-native","Y",NA,NA,"Achillea millefolium NA"
7,12,4,"Freya","BGP",5,410,"R",1,"flr","medium",1,"yellow","Asteraceae","Grindelia","https://www.inaturalist.org/observations/382149867",NA,"Native",NA,NA,"All Grindelia species in BC are native","Grindelia https://www.inaturalist.org/observations/382149867 NA"
7,12,4,"Freya","PSP",1,75,"L",8,"flr","medium",1,"yellow","Ranunculaceae","Ranunculus","repens",NA,"Non-native","Y",NA,NA,"Ranunculus repens NA"
7,12,4,"Freya","PSP",1,75,"L",6,"infl","medium",1,"purple","Fabaceae","Vicia","cracca",NA,"Non-native","Y",NA,NA,"Vicia cracca NA"
7,12,4,"Freya","PSP",2,166,"R",0,NA,NA,0,NA,NA,NA,NA,NA,NA,NA,0,NA,"NA NA NA"
7,12,4,"Freya","PSP",3,289,"R",18,"flr","medium",1,"yellow","Ranunculaceae","Ranunculus","acris",NA,"Non-native","Y",NA,NA,"Ranunculus acris NA"
7,12,4,"Freya","PSP",4,301,"L",1,"flr","small",1,"yellow","Asteraceae","Lapsana","communis",NA,"Non-native",NA,NA,NA,"Lapsana communis NA"
7,12,4,"Freya","PSP",5,441,"L",0,NA,NA,0,NA,NA,NA,NA,NA,NA,NA,0,NA,"NA NA NA"
7,13,4,"Phoebe","HRP",1,90,"R",0,NA,NA,0,NA,NA,NA,NA,NA,NA,NA,0,NA,"NA NA NA"
7,13,4,"Phoebe","HRP",2,158,"L",0,NA,NA,0,NA,NA,NA,NA,NA,NA,NA,0,NA,"NA NA NA"
7,13,4,"Phoebe","HRP",3,297,"R",0,NA,NA,0,NA,NA,NA,NA,NA,NA,NA,0,NA,"NA NA NA"
7,13,4,"Phoebe","HRP",4,323,"R",3,"flr","small",1,"yellow","Asteraceae","Lapsana","communis",NA,"Non-native",NA,NA,NA,"Lapsana communis NA"
7,13,4,"Phoebe","HRP",5,472,"L",12,"head","small",1,"yellow","Asteraceae","Lapsana","communis",NA,"Non-native",NA,NA,NA,"Lapsana communis NA"
7,13,4,"Phoebe","BHT",1,61,"R",10,"head","medium",1,"yellow","Asteraceae","Hypochaeris","radicata",NA,"Non-native","Y",NA,NA,"Hypochaeris radicata NA"
7,13,4,"Phoebe","BHT",2,159,"R",7,"head","small",1,"yellow","Asteraceae","Hypochaeris","radicata",NA,"Non-native","Y",NA,NA,"Hypochaeris radicata NA"
7,13,4,"Phoebe","BHT",3,275,"R",0,NA,NA,0,NA,NA,NA,NA,NA,NA,NA,0,NA,"NA NA NA"
7,13,4,"Phoebe","BHT",4,352,"R",3,"head","medium",1,"yellow","Asteraceae","Hypochaeris","radicata",NA,"Non-native","Y",NA,"2 photos of this one, second is best","Hypochaeris radicata NA"
7,13,4,"Phoebe","BHT",4,352,"R",1,"infl","medium",1,"white","Orchidaceae","Spiranthes","romanzoffiana",NA,"Native",NA,NA,NA,"Spiranthes romanzoffiana NA"
7,13,4,"Phoebe","BHT",5,484,"L",3,"head","medium",1,"yellow","Asteraceae","Hypochaeris","radicata",NA,"Non-native","Y",NA,NA,"Hypochaeris radicata NA"
7,13,4,"Phoebe","CHP",1,90,"L",3,"head","small",1,"yellow","Asteraceae","Hypochaeris","radicata",NA,"Non-native","Y",NA,NA,"Hypochaeris radicata NA"
7,13,4,"Phoebe","CHP",2,145,"R",1,"head","small",1,"yellow","Asteraceae","Hypochaeris","radicata",NA,"Non-native","Y",NA,NA,"Hypochaeris radicata NA"
7,13,4,"Phoebe","CHP",2,145,"R",1,"infl","small",1,"white","Apiaceae","Daucus","carota",NA,"Non-native","Y",NA,NA,"Daucus carota NA"
7,13,4,"Phoebe","CHP",3,222,"R",0,NA,NA,0,NA,NA,NA,NA,NA,NA,NA,0,NA,"NA NA NA"
7,13,4,"Phoebe","CHP",4,320,"L",1,"head","small",1,"yellow","Asteraceae","Hypochaeris","radicata",NA,"Non-native","Y",NA,NA,"Hypochaeris radicata NA"
7,13,4,"Phoebe","CHP",5,495,"L",0,NA,NA,0,NA,NA,NA,NA,NA,NA,NA,0,NA,"NA NA NA"
7,13,4,"Phoebe","RBG",1,85,"L",5,"infl","small",1,"yellow","Fabaceae","Lotus","corniculatus",NA,"Non-native",NA,NA,"Check if other Lotus corniculatus observations research grade","Lotus corniculatus NA"
7,13,4,"Phoebe","RBG",2,188,"L",14,"flr","medium",1,"pink","Fabaceae","Lathyrus","latifolius",NA,"Non-native",NA,NA,NA,"Lathyrus latifolius NA"
7,13,4,"Phoebe","RBG",2,188,"L",4,"flr","medium",1,"white","Convolvulaceae","Convolvulus","arvensis",NA,"Non-native",NA,NA,NA,"Convolvulus arvensis NA"
7,13,4,"Phoebe","RBG",3,226,"L",68,"infl","large",2,"yellow","Fabaceae","Lotus","corniculatus",NA,"Non-native",NA,NA,"Check if other Lotus corniculatus observations research grade","Lotus corniculatus NA"
7,13,4,"Phoebe","RBG",3,226,"L",9,"flr","medium",1,"pink","Fabaceae","Lathyrus","latifolius",NA,"Non-native",NA,NA,NA,"Lathyrus latifolius NA"
7,13,4,"Phoebe","RBG",3,226,"L",1,"head","medium",1,"purple","Asteraceae","Cirsium","arvense",NA,"Non-native","Y",NA,NA,"Cirsium arvense NA"
7,13,4,"Phoebe","RBG",4,389,"R",3,"infl","medium",1,"white","Fabaceae","Trifolium","repens",NA,"Non-native","Y",NA,NA,"Trifolium repens NA"
7,13,4,"Phoebe","RBG",4,389,"R",2,"infl","small",1,"yellow","Fabaceae","Medicago","lupulina",NA,"Non-native",NA,NA,NA,"Medicago lupulina NA"
7,13,4,"Phoebe","RBG",5,499,"R",0,NA,NA,0,NA,NA,NA,NA,NA,NA,NA,0,NA,"NA NA NA"
7,20,5,"Phoebe","ABR",1,4,"R",2,"stm","medium",1,"white","Asteraceae","Achillea","millefolium",NA,"Non-native","Y",NA,NA,"Achillea millefolium NA"
7,20,5,"Phoebe","ABR",2,190,"R",8,"head","small",1,"yellow","Asteraceae","Erigeron","divergens",NA,"Native",NA,NA,NA,"Erigeron divergens NA"
7,20,5,"Phoebe","ABR",3,297,"R",1,"stm","small",1,"white","Asteraceae","Achillea","millefolium",NA,"Non-native","Y",NA,NA,"Achillea millefolium NA"
7,20,5,"Phoebe","ABR",3,297,"R",7,"flr","small",1,"yellow","Rosaceae","Potentilla","argentea",NA,"Non-native",NA,NA,NA,"Potentilla argentea NA"
7,20,5,"Phoebe","ABR",3,297,"R",156,"infl","small",2,"white","Fabaceae","Melilotus","albus",NA,"Non-native",NA,NA,NA,"Melilotus albus NA"
7,20,5,"Phoebe","ABR",4,392,"R",198,"infl","small",2,"white","Fabaceae","Melilotus","albus",NA,"Non-native",NA,NA,NA,"Melilotus albus NA"
7,20,5,"Phoebe","ABR",4,392,"R",25,"infl","small",1,"yellow","Fabaceae","Medicago","lupulina",NA,"Non-native",NA,NA,NA,"Medicago lupulina NA"
7,20,5,"Phoebe","ABR",4,392,"R",41,"head","small",1,"purple","Asteraceae","Cirsium","arvense",NA,"Non-native","Y",NA,NA,"Cirsium arvense NA"
7,20,5,"Phoebe","ABR",5,424,"R",18,"infl","small",1,"white","Fabaceae","Melilotus","albus",NA,"Non-native",NA,NA,NA,"Melilotus albus NA"
7,20,5,"Phoebe","ABR",5,424,"R",2,"head","small",1,"white","Asteraceae","Centaurea","diffusa",NA,"Non-native",NA,NA,NA,"Centaurea diffusa NA"
7,20,5,"Phoebe","PBM",1,47,"R",10,"head","medium",1,"yellow, white","Asteraceae","Tripleurospermum","inodorum",NA,"Non-native","Y",NA,NA,"Tripleurospermum inodorum NA"
7,20,5,"Phoebe","PBM",2,136,"R",97,"head","medium",3,"yellow, white","Asteraceae","Tripleurospermum","inodorum",NA,"Non-native","Y",NA,NA,"Tripleurospermum inodorum NA"
7,20,5,"Phoebe","PBM",2,136,"R",13,"stm","large",3,"white","Asteraceae","Achillea","millefolium",NA,"Non-native","Y",NA,"Taxonomy","Achillea millefolium NA"
7,20,5,"Phoebe","PBM",2,136,"R",7,"infl","small",1,"pink","Fabaceae","Trifolium","hybridum",NA,"Non-native",NA,NA,NA,"Trifolium hybridum NA"
7,20,5,"Phoebe","PBM",3,296,"L",8,"infl","medium",1,"yellow, white","Asteraceae","Tripleurospermum","inodorum",NA,"Non-native","Y",NA,NA,"Tripleurospermum inodorum NA"
7,20,5,"Phoebe","PBM",3,296,"L",1,"infl","small",1,"pink","Fabaceae","Trifolium","hybridum",NA,"Non-native",NA,NA,NA,"Trifolium hybridum NA"
7,20,5,"Phoebe","PBM",3,296,"L",12,"head","medium",1,"purple","Asteraceae","Symphyotrichum","https://www.inaturalist.org/observations/387042272",NA,NA,NA,NA,"Or 3 stm. Not sure put on inat","Symphyotrichum https://www.inaturalist.org/observations/387042272 NA"
7,20,5,"Phoebe","PBM",4,390,"L",28,"head","small",1,"yellow, white","Asteraceae","Tripleurospermum","inodorum",NA,"Non-native","Y",NA,NA,"Tripleurospermum inodorum NA"
7,20,5,"Phoebe","PBM",4,390,"L",2,"flr","small",1,"white","Polemoniaceae","Collomia","grandiflora",NA,"Native",NA,NA,NA,"Collomia grandiflora NA"
7,20,5,"Phoebe","PBM",4,390,"L",4,"infl","medium",1,"purple","Asteraceae","Cirsium","arvense",NA,"Non-native","Y",NA,NA,"Cirsium arvense NA"
7,20,5,"Phoebe","PBM",4,390,"L",1,"flr","small",1,"yellow","Brassicaceae","Sisymbrium","altissimum",NA,"Non-native",NA,NA,NA,"Sisymbrium altissimum NA"
7,20,5,"Phoebe","PBM",4,390,"L",1,"flr","small",1,"pink","Onagraceae","Epilobium","brachycarpum",NA,"Native",NA,NA,NA,"Epilobium brachycarpum NA"
7,20,5,"Phoebe","PBM",5,466,"L",1,"flr","small",1,"white","Asteraceae","Tripleurospermum","inodorum",NA,"Non-native","Y",NA,NA,"Tripleurospermum inodorum NA"
7,20,5,"Phoebe","MGT",1,41,"R",3,"stm","medium",1,"white","Asteraceae","Achillea","millefolium",NA,"Non-native","Y",NA,NA,"Achillea millefolium NA"
7,20,5,"Phoebe","MGT",1,41,"R",12,"flr","small",1,"purple","Caryophyllaceae","Spergularia","rubra",NA,"Non-native",NA,NA,NA,"Spergularia rubra NA"
7,20,5,"Phoebe","MGT",2,159,"L",2,"infl","medium",1,"white","Fabaceae","Trifolium","repens",NA,"Non-native","Y",NA,NA,"Trifolium repens NA"
7,20,5,"Phoebe","MGT",3,200,"L",1,"stm","medium",1,"white","Asteraceae","Achillea","millefolium",NA,"Non-native","Y",NA,NA,"Achillea millefolium NA"
7,20,5,"Phoebe","MGT",4,365,"R",2,"stm","medium",1,"white","Rosaceae","Spiraea","lucida",NA,"Native",NA,NA,NA,"Spiraea lucida NA"
7,20,5,"Phoebe","MGT",5,404,"L",0,NA,NA,0,NA,NA,NA,NA,NA,NA,NA,0,NA,"NA NA NA"
7,20,5,"Phoebe","FLT",1,12,"R",62,"infl","medium",1,"white","Fabaceae","Trifolium","repens",NA,"Non-native","Y",NA,NA,"Trifolium repens NA"
7,20,5,"Phoebe","FLT",2,159,"R",2,"infl","medium",1,"white","Asteraceae","Anaphalis","margaritacea",NA,"Native",NA,NA,NA,"Anaphalis margaritacea NA"
7,20,5,"Phoebe","FLT",2,159,"R",22,"infl","small",1,"white","Polemoniaceae","Microsteris","gracilis",NA,"Native",NA,NA,NA,"Microsteris gracilis NA"
7,20,5,"Phoebe","FLT",2,159,"R",10,"infl","small",1,"purple","Orobanchaceae","Pedicularis","racemosa",NA,"Native","N",NA,NA,"Pedicularis racemosa NA"
7,20,5,"Phoebe","FLT",2,159,"R",9,"flr","small",1,"white","Onagraceae","Epilobium","ciliatum",NA,"Native","Y",NA,NA,"Epilobium ciliatum NA"
7,20,5,"Phoebe","FLT",3,297,"R",1,"flr","small",1,"purple","Onagraceae","Epilobium","ciliatum",NA,"Native","Y",NA,NA,"Epilobium ciliatum NA"
7,20,5,"Phoebe","FLT",4,310,"L",13,"infl","medium",1,"white","Fabaceae","Trifolium","repens",NA,"Non-native","Y",NA,NA,"Trifolium repens NA"
7,20,5,"Phoebe","FLT",4,310,"L",1,"flr","small",1,"purple","Onagraceae","Epilobium","ciliatum",NA,"Native","Y",NA,NA,"Epilobium ciliatum NA"
7,20,5,"Phoebe","FLT",5,426,"L",6,"flr","small",1,"pink","Onagraceae","Epilobium","ciliatum",NA,"Native","Y",NA,NA,"Epilobium ciliatum NA"
7,20,5,"Phoebe","FLT",5,426,"L",8,"flr","small",1,"yellow","Phrymaceae","Erythranthe","moschata",NA,"Native",NA,NA,NA,"Erythranthe moschata NA"
7,20,5,"Phoebe","FLT",5,426,"L",3,"flr","small",1,"purple","Plantaginaceae","Veronica","americana",NA,"Native",NA,NA,NA,"Veronica americana NA"
7,20,5,"Phoebe","FLT",5,426,"L",16,"flr","small",1,"white","Caryophyllaceae","Stellaria","borealis",NA,"Native",NA,NA,NA,"Stellaria borealis NA"
7,21,5,"Phoebe","OHR",1,0,"R",141,"infl","medium",2,"purple","Fabaceae","Medicago","sativa",NA,"Non-native",NA,NA,NA,"Medicago sativa NA"
7,21,5,"Phoebe","OHR",1,0,"R",3,"infl","small",1,"white","Caryophyllaceae","Silene","vulgaris",NA,"Non-native",NA,NA,NA,"Silene vulgaris NA"
7,21,5,"Phoebe","OHR",2,136,"R",0,NA,NA,0,NA,NA,NA,NA,NA,NA,NA,0,NA,"NA NA NA"
7,21,5,"Phoebe","OHR",3,238,"L",1,"flr","small",1,"yellow","Rosaceae","Potentilla","argentea",NA,"Non-native",NA,NA,NA,"Potentilla argentea NA"
7,21,5,"Phoebe","OHR",4,326,"R",0,NA,NA,0,NA,NA,NA,NA,NA,NA,NA,0,NA,"NA NA NA"
7,21,5,"Phoebe","OHR",5,418,"L",35,"infl","small",1,"pink","Apocynaceae","Apocynum","androsaemifolium",NA,"Native",NA,NA,NA,"Apocynum androsaemifolium NA"
7,21,5,"Phoebe","RRP",1,16,"R",0,NA,NA,0,NA,NA,NA,NA,NA,NA,NA,0,NA,"NA NA NA"
7,21,5,"Phoebe","RRP",2,110,"R",9,"head","small",1,"yellow","Asteraceae","Hieracium","https://www.inaturalist.org/observations/389737981",NA,NA,NA,NA,NA,"Hieracium https://www.inaturalist.org/observations/389737981 NA"
7,21,5,"Phoebe","RRP",3,284,"L",0,NA,NA,0,NA,NA,NA,NA,NA,NA,NA,NA,NA,"NA NA NA"
7,21,5,"Phoebe","RRP",4,398,"L",0,NA,NA,0,NA,NA,NA,NA,NA,NA,NA,NA,NA,"NA NA NA"
7,21,5,"Phoebe","RRP",5,464,"R",0,NA,NA,0,NA,NA,NA,NA,NA,NA,NA,NA,NA,"NA NA NA"
7,21,5,"Phoebe","UBC",1,38,"L",33,"infl","small",1,"purple","Fabaceae","Medicago","sativa",NA,"Non-native",NA,NA,NA,"Medicago sativa NA"
7,21,5,"Phoebe","UBC",2,183,"L",0,NA,NA,0,NA,NA,NA,NA,NA,NA,NA,NA,NA,"NA NA NA"
7,21,5,"Phoebe","UBC",3,298,"R",0,NA,NA,0,NA,NA,NA,NA,NA,NA,NA,NA,NA,"NA NA NA"
7,21,5,"Phoebe","UBC",4,338,"L",0,NA,NA,0,NA,NA,NA,NA,NA,NA,NA,NA,NA,"NA NA NA"
7,21,5,"Phoebe","UBC",5,481,"L",0,NA,NA,0,NA,NA,NA,NA,NA,NA,NA,NA,NA,"NA NA NA"
7,21,5,"Phoebe","KMP",1,99,"L",4,"flr","medium",1,"pink","Convolvulaceae","Convolvulus","arvensis",NA,"Non-native",NA,NA,NA,"Convolvulus arvensis NA"
7,21,5,"Phoebe","KMP",2,163,"R",30,"infl","small",1,"pink","Lamiaceae","Nepeta","cataria",NA,"Non-native",NA,NA,NA,"Nepeta cataria NA"
7,21,5,"Phoebe","KMP",2,163,"R",2,"head","small",1,"purple","Asteraceae","Cirsium","arvense",NA,"Non-native","Y",NA,NA,"Cirsium arvense NA"
7,21,5,"Phoebe","KMP",3,293,"R",2,"head","small",1,"purple","Asteraceae","Cirsium","arvense",NA,"Non-native","Y",NA,NA,"Cirsium arvense NA"
7,21,5,"Phoebe","KMP",4,328,"R",2,"stm","large",1,"yellow","Asteraceae","Solidago","https://www.inaturalist.org/observations/386120945",NA,NA,NA,NA,NA,"Solidago https://www.inaturalist.org/observations/386120945 NA"
7,21,5,"Phoebe","KMP",4,328,"R",4,"head","medium",1,"yellow","Asteraceae","Sonchus","https://www.inaturalist.org/observations/386120946",NA,"Non-native",NA,NA,"All Sonchus species in BC are non-native","Sonchus https://www.inaturalist.org/observations/386120946 NA"
7,21,5,"Phoebe","KMP",5,458,"L",26,"infl","small",1,"purple","Fabaceae","Medicago","sativa",NA,"Non-native",NA,NA,NA,"Medicago sativa NA"
7,21,5,"Phoebe","KMP",5,458,"L",115,"head","medium",3,"purple","Asteraceae","Cichorium","intybus",NA,"Non-native",NA,NA,NA,"Cichorium intybus NA"
7,22,5,"Phoebe","JMS",1,19,"L",0,NA,NA,0,NA,NA,NA,NA,NA,NA,NA,NA,"Not including 11 small inflorescences of Symphoricarpos because it is shrubby","NA NA NA"
7,22,5,"Phoebe","JMS",2,183,"L",3,"infl","small",1,"purple","Fabaceae","Medicago","sativa",NA,"Non-native",NA,NA,NA,"Medicago sativa NA"
7,22,5,"Phoebe","JMS",2,183,"L",2,"infl","medium",1,"yellow","Brassicaceae","Sisymbrium","loeselii",NA,"Non-native",NA,NA,NA,"Sisymbrium loeselii NA"
7,22,5,"Phoebe","JMS",2,183,"L",1,"flr","small",1,"white","Caryophyllaceae","Silene","vulgaris",NA,"Non-native",NA,NA,NA,"Silene vulgaris NA"
7,22,5,"Phoebe","JMS",3,265,"R",178,"head","small",2,"white, purple","Asteraceae","Centaurea","diffusa",NA,"Non-native",NA,NA,NA,"Centaurea diffusa NA"
7,22,5,"Phoebe","JMS",4,366,"R",3,"infl","small",1,"purple","Fabaceae","Medicago","sativa",NA,"Non-native",NA,NA,NA,"Medicago sativa NA"
7,22,5,"Phoebe","JMS",4,366,"R",1,"head","small",1,"purple","Asteraceae","Rhaponticum","repens",NA,"Non-native",NA,NA,NA,"Rhaponticum repens NA"
7,22,5,"Phoebe","JMS",5,442,"L",4,"infl","medium",1,"yellow","Brassicaceae","Sisymbrium","loeselii",NA,"Non-native",NA,NA,"Update if small RTT week 6 is not S. loeselii","Sisymbrium loeselii NA"
7,22,5,"Phoebe","KWL",1,50,"R",9,"head","small",1,"white, purple","Asteraceae","Centaurea","diffusa",NA,"Non-native",NA,NA,NA,"Centaurea diffusa NA"
7,22,5,"Phoebe","KWL",1,50,"R",7,"head","small",1,"yellow","Asteraceae","Grindelia","squarrosa",NA,"Native",NA,NA,NA,"Grindelia squarrosa NA"
7,22,5,"Phoebe","KWL",2,168,"L",4,"head","small",1,"yellow","Asteraceae","Grindelia","squarrosa",NA,"Native",NA,NA,NA,"Grindelia squarrosa NA"
7,22,5,"Phoebe","KWL",3,204,"R",22,"head","medium",1,"yellow","Asteraceae","Grindelia","squarrosa",NA,"Native",NA,NA,NA,"Grindelia squarrosa NA"
7,22,5,"Phoebe","KWL",3,204,"R",3,"infl","small",1,"purple","Fabaceae","Medicago","sativa",NA,"Non-native",NA,NA,NA,"Medicago sativa NA"
7,22,5,"Phoebe","KWL",4,302,"L",48,"head","medium",2,"yellow","Asteraceae","Grindelia","squarrosa",NA,"Native",NA,NA,NA,"Grindelia squarrosa NA"
7,22,5,"Phoebe","KWL",5,470,"R",22,"head","medium",1,"yellow","Asteraceae","Grindelia","squarrosa",NA,"Native",NA,NA,NA,"Grindelia squarrosa NA"
7,22,5,"Phoebe","KWL",5,470,"R",64,"infl","small",1,"purple","Fabaceae","Medicago","sativa",NA,"Non-native",NA,NA,NA,"Medicago sativa NA"
7,22,5,"Phoebe","KWL",5,470,"R",10,"infl","small",1,"white","Fabaceae","Melilotus","albus",NA,"Non-native",NA,NA,NA,"Melilotus albus NA"
7,22,5,"Phoebe","OKF",1,29,"L",1,"head","small",1,"yellow","Asteraceae","Grindelia","squarrosa",NA,"Native",NA,NA,NA,"Grindelia squarrosa NA"
7,22,5,"Phoebe","OKF",2,186,"R",0,NA,NA,0,NA,NA,NA,NA,NA,NA,NA,NA,NA,"NA NA NA"
7,22,5,"Phoebe","OKF",3,261,"L",NA,NA,NA,5,"white","Caryophyllaceae","Gypsophila","paniculata",NA,"Non-native",NA,NA,NA,"Gypsophila paniculata NA"
7,22,5,"Phoebe","OKF",4,395,"L",9,"head","small",1,"white","Asteraceae","Centaurea","diffusa",NA,"Non-native",NA,NA,NA,"Centaurea diffusa NA"
7,22,5,"Phoebe","OKF",5,422,"L",118,"head","small",1,"white","Asteraceae","Centaurea","diffusa",NA,"Non-native",NA,NA,NA,"Centaurea diffusa NA"
7,22,5,"Phoebe","KSP",1,60,"R",70,"head","small",1,"purple","Asteraceae","Centaurea","diffusa",NA,"Non-native",NA,NA,NA,"Centaurea diffusa NA"
7,22,5,"Phoebe","KSP",2,124,"L",39,"head","small",1,"purple","Asteraceae","Centaurea","diffusa",NA,"Non-native",NA,NA,NA,"Centaurea diffusa NA"
7,22,5,"Phoebe","KSP",2,124,"L",48,"infl","small",1,"purple","Fabaceae","Medicago","sativa",NA,"Non-native",NA,NA,NA,"Medicago sativa NA"
7,22,5,"Phoebe","KSP",2,124,"L",3,"stm","medium",2,"yellow","Asteraceae","Solidago","lepida",NA,"Native",NA,NA,"Compare to future transects","Solidago lepida NA"
7,22,5,"Phoebe","KSP",2,124,"L",NA,NA,NA,5,"white","Caryophyllaceae","Gypsophila","paniculata",NA,"Non-native",NA,NA,NA,"Gypsophila paniculata NA"
7,22,5,"Phoebe","KSP",3,214,"R",0,NA,NA,0,NA,NA,NA,NA,NA,NA,NA,NA,"Adjusted to 0 cover because baby's breath all crusty dried up","NA NA NA"
7,22,5,"Phoebe","KSP",4,339,"L",0,NA,NA,0,NA,NA,NA,NA,NA,NA,NA,NA,"Adjusted to 0 cover because baby's breath all crusty dried up","NA NA NA"
7,22,5,"Phoebe","KSP",5,418,"L",NA,NA,NA,65,"white","Caryophyllaceae","Gypsophila","paniculata",NA,"Non-native",NA,NA,NA,"Gypsophila paniculata NA"
7,23,5,"Phoebe","MMF",1,81,"L",2,"stm","large",1,"white","Asteraceae","Achillea","millefolium",NA,"Non-native","Y",NA,NA,"Achillea millefolium NA"
7,23,5,"Phoebe","MMF",2,126,"L",3,"stm","large",2,"white","Asteraceae","Achillea","millefolium",NA,"Non-native","Y",NA,NA,"Achillea millefolium NA"
7,23,5,"Phoebe","MMF",2,126,"L",11,"infl","small",1,"white","Rubiaceae","Galium","boreale",NA,"Native",NA,NA,NA,"Galium boreale NA"
7,23,5,"Phoebe","MMF",2,126,"L",3,"infl","medium",1,"yellow","Brassicaceae","Sisymbrium","loeselii",NA,"Non-native",NA,NA,NA,"Sisymbrium loeselii NA"
7,23,5,"Phoebe","MMF",3,292,"R",4,"head","small",1,"yellow","Asteraceae","Hieracium","https://www.inaturalist.org/observations/386417721",NA,NA,NA,NA,NA,"Hieracium https://www.inaturalist.org/observations/386417721 NA"
7,23,5,"Phoebe","MMF",3,292,"R",11,"head","medium",1,"purple","Asteraceae","Erigeron","speciosus",NA,"Native",NA,NA,NA,"Erigeron speciosus NA"
7,23,5,"Phoebe","MMF",4,359,"R",0,NA,NA,0,NA,NA,NA,NA,NA,NA,NA,NA,NA,"NA NA NA"
7,23,5,"Phoebe","MMF",5,493,"R",1,"infl","medium",1,"red","Orobanchaceae","Castilleja","https://www.inaturalist.org/observations/386417724",NA,"Native",NA,NA,"All Castilleja species in BC are native","Castilleja https://www.inaturalist.org/observations/386417724 NA"
7,23,5,"Phoebe","KPP",1,75,"R",0,NA,NA,0,NA,NA,NA,NA,NA,NA,NA,NA,NA,"NA NA NA"
7,23,5,"Phoebe","KPP",2,173,"L",1,"head","small",1,"white, purple","Asteraceae","Centaurea","stoebe",NA,"Non-native",NA,NA,NA,"Centaurea stoebe NA"
7,23,5,"Phoebe","KPP",3,243,"R",3,"infl","small",1,"purple","Fabaceae","Medicago","sativa",NA,"Non-native",NA,NA,NA,"Medicago sativa NA"
7,23,5,"Phoebe","KPP",4,386,"R",0,NA,NA,0,NA,NA,NA,NA,NA,NA,NA,NA,NA,"NA NA NA"
7,23,5,"Phoebe","KPP",5,411,"L",6,"infl","small",1,"purple","Fabaceae","Medicago","sativa",NA,"Non-native",NA,NA,NA,"Medicago sativa NA"
7,23,5,"Phoebe","PML",1,56,"L",3,"head","small",1,"yellow","Asteraceae","Heterotheca",NA,NA,"Native",NA,NA,"All Heterotheca species in BC are native","Heterotheca NA NA"
7,23,5,"Phoebe","PML",1,56,"L",6,"infl","small",1,"purple","Fabaceae","Medicago","sativa",NA,"Non-native",NA,NA,NA,"Medicago sativa NA"
7,23,5,"Phoebe","PML",2,161,"R",7,"head","small",1,"yellow","Asteraceae","Heterotheca",NA,NA,"Native",NA,NA,"All Heterotheca species in BC are native","Heterotheca NA NA"
7,23,5,"Phoebe","PML",2,161,"R",2,"infl","small",1,"purple","Fabaceae","Medicago","sativa",NA,"Non-native",NA,NA,NA,"Medicago sativa NA"
7,23,5,"Phoebe","PML",3,292,"R",6,"infl","small",1,"purple","Fabaceae","Medicago","sativa",NA,"Non-native",NA,NA,NA,"Medicago sativa NA"
7,23,5,"Phoebe","PML",3,292,"R",NA,NA,NA,1,"white","Caryophyllaceae","Gypsophila","paniculata",NA,"Non-native",NA,NA,NA,"Gypsophila paniculata NA"
7,23,5,"Phoebe","PML",4,361,"L",1,"head","small",1,"yellow","Asteraceae","Tragopogon","dubius",NA,"Non-native",NA,NA,NA,"Tragopogon dubius NA"
7,23,5,"Phoebe","PML",4,361,"L",49,"infl","small",1,"white","Fabaceae","Melilotus","albus",NA,"Non-native",NA,NA,NA,"Melilotus albus NA"
7,23,5,"Phoebe","PML",5,497,"R",161,"infl","medium",2,"white","Fabaceae","Melilotus","albus",NA,"Non-native",NA,NA,NA,"Melilotus albus NA"
7,25,5,"Phoebe","CCM",1,72,"R",15,"infl","small",1,"yellow","Fabaceae","Medicago","lupulina",NA,"Non-native",NA,NA,NA,"Medicago lupulina NA"
7,25,5,"Phoebe","CCM",1,72,"R",17,"infl","small",1,"purple","Lamiaceae","Prunella","https://www.inaturalist.org/observations/387014347",NA,NA,NA,NA,"Origin depends on subspecies","Prunella https://www.inaturalist.org/observations/387014347 NA"
7,25,5,"Phoebe","CCM",1,72,"R",2,"flr","small",1,"purple","Geraniaceae","Geranium","robertianum",NA,"Non-native",NA,NA,NA,"Geranium robertianum NA"
7,25,5,"Phoebe","CCM",2,134,"L",18,"head","small",1,"yellow","Asteraceae","Crepis","capillaris",NA,"Non-native","N",NA,NA,"Crepis capillaris NA"
7,25,5,"Phoebe","CCM",2,134,"L",3,"head","medium",1,"yellow","Asteraceae","Hypochaeris","radicata",NA,"Non-native","Y",NA,NA,"Hypochaeris radicata NA"
7,25,5,"Phoebe","CCM",2,134,"L",2,"infl","large",1,"yellow","Asteraceae","Jacobaea","vulgaris",NA,"Non-native","Y",NA,NA,"Jacobaea vulgaris NA"
7,25,5,"Phoebe","CCM",3,202,"R",0,NA,NA,0,NA,NA,NA,NA,NA,NA,NA,0,NA,"NA NA NA"
7,25,5,"Phoebe","CCM",4,373,"L",11,"infl","medium",1,"purple","Fabaceae","Vicia","cracca",NA,"Non-native","Y",NA,NA,"Vicia cracca NA"
7,25,5,"Phoebe","CCM",5,476,"L",15,"head","small",1,"yellow","Asteraceae","Crepis","capillaris",NA,"Non-native","N",NA,NA,"Crepis capillaris NA"
7,25,5,"Phoebe","CCM",5,476,"L",5,"infl","medium",1,"yellow","Asteraceae","Jacobaea","vulgaris",NA,"Non-native","Y",NA,NA,"Jacobaea vulgaris NA"
7,25,5,"Phoebe","GBH",1,17,"R",8,"head","medium",1,"blue","Asteraceae","Cichorium","intybus",NA,"Non-native",NA,NA,NA,"Cichorium intybus NA"
7,25,5,"Phoebe","GBH",1,17,"R",2,"stm","medium",1,"yellow","Asteraceae","Tanacetum","vulgare",NA,"Non-native",NA,NA,NA,"Tanacetum vulgare NA"
7,25,5,"Phoebe","GBH",1,17,"R",3,"head","small",1,"white","Asteraceae","Tripleurospermum","inodorum",NA,"Non-native","Y",NA,"All likely species are non-native, Freya confirmed ID","Tripleurospermum inodorum NA"
7,25,5,"Phoebe","GBH",2,192,"R",6,"infl","large",1,"white","Apiaceae","Daucus","carota",NA,"Non-native","Y",NA,"Moved to quadrat 2 based on photos","Daucus carota NA"
7,25,5,"Phoebe","GBH",2,192,"R",18,"stm","medium",4,"yellow","Asteraceae","Tanacetum","vulgare",NA,"Non-native",NA,NA,NA,"Tanacetum vulgare NA"
7,25,5,"Phoebe","GBH",2,192,"R",44,"infl","medium",1,"white","Fabaceae","Melilotus","albus",NA,"Non-native",NA,NA,NA,"Melilotus albus NA"
7,25,5,"Phoebe","GBH",2,192,"R",1,"head","medium",1,"blue","Asteraceae","Cichorium","intybus",NA,"Non-native",NA,NA,"Added based on photo","Cichorium intybus NA"
7,25,5,"Phoebe","GBH",3,256,"L",34,"stm","large",10,"yellow","Asteraceae","Tanacetum","vulgare",NA,"Non-native",NA,NA,NA,"Tanacetum vulgare NA"
7,25,5,"Phoebe","GBH",3,256,"L",4,"infl","large",2,"white","Apiaceae","Daucus","carota",NA,"Non-native","Y",NA,NA,"Daucus carota NA"
7,25,5,"Phoebe","GBH",4,316,"L",27,"stm","large",9,"yellow","Asteraceae","Tanacetum","vulgare",NA,"Non-native",NA,NA,NA,"Tanacetum vulgare NA"
7,25,5,"Phoebe","GBH",4,316,"L",13,"infl","medium",1,"purple","Fabaceae","Trifolium","pratense",NA,"Non-native","Y",NA,NA,"Trifolium pratense NA"
7,25,5,"Phoebe","GBH",5,475,"L",7,"stm","large",8,"yellow","Asteraceae","Tanacetum","vulgare",NA,"Non-native",NA,NA,NA,"Tanacetum vulgare NA"
7,25,5,"Phoebe","GBH",5,475,"L",10,"head","small",1,"purple","Asteraceae","Cirsium","arvense",NA,"Non-native","Y",NA,NA,"Cirsium arvense NA"
7,25,5,"Phoebe","BGP",1,96,"L",9,"stm","medium",2,"yellow","Asteraceae","Tanacetum","vulgare",NA,"Non-native",NA,NA,NA,"Tanacetum vulgare NA"
7,25,5,"Phoebe","BGP",1,96,"L",3,"stm","large",1,"white","Asteraceae","Achillea","millefolium",NA,"Non-native","Y",NA,NA,"Achillea millefolium NA"
7,25,5,"Phoebe","BGP",2,169,"L",21,"stm","large",4,"yellow","Asteraceae","Tanacetum","vulgare",NA,"Non-native",NA,NA,NA,"Tanacetum vulgare NA"
7,25,5,"Phoebe","BGP",3,290,"R",26,"stm","medium",2,"yellow","Hypericaceae","Hypericum","perforatum",NA,"Non-native",NA,NA,NA,"Hypericum perforatum NA"
7,25,5,"Phoebe","BGP",4,384,"L",16,"infl","small",1,"purple","Brassicaceae","Cakile","maritima",NA,"Non-native",NA,NA,NA,"Cakile maritima NA"
7,25,5,"Phoebe","BGP",4,384,"L",3,"head","small",1,"yellow","Asteraceae","Sonchus","arvensis",NA,"Non-native",NA,NA,NA,"Sonchus arvensis NA"
7,25,5,"Phoebe","BGP",4,384,"L",29,"head","medium",2,"yellow","Asteraceae","Grindelia","https://www.inaturalist.org/observations/389753098",NA,"Native",NA,NA,"All Grindelia species in BC are native","Grindelia https://www.inaturalist.org/observations/389753098 NA"
7,25,5,"Phoebe","BGP",4,384,"L",1,"flr","large",1,"pink","Convolvulaceae","Calystegia","https://www.inaturalist.org/observations/390068322",NA,NA,NA,NA,"Added based on quadrat photos","Calystegia https://www.inaturalist.org/observations/390068322 NA"
7,25,5,"Phoebe","BGP",5,466,"R",3,"head","small",1,"yellow","Asteraceae","Hypochaeris","radicata",NA,"Non-native","Y",NA,NA,"Hypochaeris radicata NA"
7,26,5,"Phoebe","CHP",1,28,"L",1,"head","small",1,"yellow","Asteraceae","Hypochaeris","radicata",NA,"Non-native","Y",NA,NA,"Hypochaeris radicata NA"
7,26,5,"Phoebe","CHP",2,162,"R",0,NA,NA,0,NA,NA,NA,NA,NA,NA,NA,0,NA,"NA NA NA"
7,26,5,"Phoebe","CHP",3,264,"R",0,NA,NA,0,NA,NA,NA,NA,NA,NA,NA,0,NA,"NA NA NA"
7,26,5,"Phoebe","CHP",4,399,"R",2,"head","small",1,"yellow","Asteraceae","Hypochaeris","radicata",NA,"Non-native","Y",NA,NA,"Hypochaeris radicata NA"
7,26,5,"Phoebe","CHP",4,399,"R",6,"head","small",1,"yellow","Asteraceae","Mycelis","muralis",NA,"Non-native",NA,NA,NA,"Mycelis muralis NA"
7,26,5,"Phoebe","CHP",5,457,"R",0,NA,NA,0,NA,NA,NA,NA,NA,NA,NA,0,NA,"NA NA NA"
7,26,5,"Phoebe","HRP",1,96,"R",1,"head","small",1,"yellow","Asteraceae","Hypochaeris","radicata",NA,"Non-native","Y",NA,NA,"Hypochaeris radicata NA"
7,26,5,"Phoebe","HRP",2,138,"L",0,NA,NA,0,NA,NA,NA,NA,NA,NA,NA,0,NA,"NA NA NA"
7,26,5,"Phoebe","HRP",3,262,"R",0,NA,NA,0,NA,NA,NA,NA,NA,NA,NA,0,NA,"NA NA NA"
7,26,5,"Phoebe","HRP",4,365,"L",1,"head","small",1,"yellow","Asteraceae","Hypochaeris","radicata",NA,"Non-native","Y",NA,NA,"Hypochaeris radicata NA"
7,26,5,"Phoebe","HRP",5,495,"L",0,NA,NA,0,NA,NA,NA,NA,NA,NA,NA,0,NA,"NA NA NA"
7,26,5,"Phoebe","RBG",1,9,"L",71,"flr","medium",2,"white","Convolvulaceae","Calystegia","https://www.inaturalist.org/observations/389768282",NA,NA,NA,NA,NA,"Calystegia https://www.inaturalist.org/observations/389768282 NA"
7,26,5,"Phoebe","RBG",2,161,"L",1,"flr","small",1,"yellow","Ranunculaceae","Ranunculus","repens",NA,"Non-native","Y",NA,NA,"Ranunculus repens NA"
7,26,5,"Phoebe","RBG",3,291,"L",5,"infl","medium",1,"yellow","Fabaceae","Lotus","corniculatus",NA,"Non-native",NA,NA,NA,"Lotus corniculatus NA"
7,26,5,"Phoebe","RBG",3,291,"L",8,"head","small",1,"purple","Asteraceae","Cirsium","arvense",NA,"Non-native","Y",NA,NA,"Cirsium arvense NA"
7,26,5,"Phoebe","RBG",4,360,"R",1,"infl","small",1,"yellow","Fabaceae","Lotus","corniculatus",NA,"Non-native",NA,NA,NA,"Lotus corniculatus NA"
7,26,5,"Phoebe","RBG",4,360,"R",12,"flr","small",1,"pink","Convolvulaceae","Convolvulus","arvensis",NA,"Non-native",NA,NA,NA,"Convolvulus arvensis NA"
7,26,5,"Phoebe","RBG",4,360,"R",2,"infl","medium",1,"purple","Fabaceae","Trifolium","pratense",NA,"Non-native","Y",NA,NA,"Trifolium pratense NA"
7,26,5,"Phoebe","RBG",5,496,"L",17,"infl","small",1,"yellow","Fabaceae","Medicago","lupulina",NA,"Non-native",NA,NA,NA,"Medicago lupulina NA"
7,26,5,"Phoebe","RBG",5,496,"L",2,"infl","medium",1,"white","Fabaceae","Trifolium","repens",NA,"Non-native","Y",NA,NA,"Trifolium repens NA"
7,26,5,"Phoebe","BHT",1,32,"L",8,"head","small",1,"yellow","Asteraceae","Hypochaeris","radicata",NA,"Non-native","Y",NA,NA,"Hypochaeris radicata NA"
7,26,5,"Phoebe","BHT",2,149,"R",5,"head","small",1,"yellow","Asteraceae","Hypochaeris","radicata",NA,"Non-native","Y",NA,NA,"Hypochaeris radicata NA"
7,26,5,"Phoebe","BHT",3,256,"R",8,"head","small",1,"yellow","Asteraceae","Hypochaeris","radicata",NA,"Non-native","Y",NA,NA,"Hypochaeris radicata NA"
7,26,5,"Phoebe","BHT",4,319,"L",4,"head","small",1,"yellow","Asteraceae","Hypochaeris","radicata",NA,"Non-native","Y",NA,NA,"Hypochaeris radicata NA"
7,26,5,"Phoebe","BHT",4,319,"L",1,"infl","medium",1,"white","Orchidaceae","Spiranthes","romanzoffiana",NA,"Native",NA,NA,NA,"Spiranthes romanzoffiana NA"
7,26,5,"Phoebe","BHT",5,472,"L",9,"head","small",1,"yellow","Asteraceae","Hypochaeris","radicata",NA,"Non-native","Y",NA,NA,"Hypochaeris radicata NA"
7,29,5,"Phoebe","PSP",1,93,"R",1,"flr","small",1,"yellow","Ranunculaceae","Ranunculus","repens",NA,"Non-native","Y",NA,NA,"Ranunculus repens NA"
7,29,5,"Phoebe","PSP",1,93,"R",1,"flr","large",1,"white","Convolvulaceae","Calystegia","silvatica",NA,"Non-native",NA,NA,NA,"Calystegia silvatica NA"
7,29,5,"Phoebe","PSP",2,174,"L",5,"head","small",1,"purple","Asteraceae","Cirsium","arvense",NA,"Non-native","Y",NA,NA,"Cirsium arvense NA"
7,29,5,"Phoebe","PSP",3,208,"L",0,NA,NA,0,NA,NA,NA,NA,NA,NA,NA,0,NA,"NA NA NA"
7,29,5,"Phoebe","PSP",4,314,"L",0,NA,NA,0,NA,NA,NA,NA,NA,NA,NA,0,NA,"NA NA NA"
7,29,5,"Phoebe","PSP",5,449,"R",1,"flr","small",1,"orange","Hypericaceae","Hypericum","https://www.inaturalist.org/observations/389775857",NA,NA,NA,NA,NA,"Hypericum https://www.inaturalist.org/observations/389775857 NA"
8,3,6,"Phoebe","PSP",1,42,"L",3,"flr","small",1,"yellow","Ranunculaceae","Ranunculus","acris",NA,"Non-native","Y",NA,NA,"Ranunculus acris NA"
8,3,6,"Phoebe","PSP",2,145,"R",0,NA,NA,0,NA,NA,NA,NA,NA,NA,NA,0,NA,"NA NA NA"
8,3,6,"Phoebe","PSP",3,298,"R",2,"flr","small",1,"yellow","Ranunculaceae","Ranunculus","https://www.inaturalist.org/observations/389783744",NA,"Non-native",NA,NA,"Both likely species are non-native","Ranunculus https://www.inaturalist.org/observations/389783744 NA"
8,3,6,"Phoebe","PSP",3,298,"R",1,"flr","small",1,"yellow","Ranunculaceae","Ranunculus","repens",NA,"Non-native","Y",NA,NA,"Ranunculus repens NA"
8,3,6,"Phoebe","PSP",4,369,"L",3,"infl","large",1,"purple","Onagraceae","Chamaenerion","angustifolium",NA,"Native","Y",NA,NA,"Chamaenerion angustifolium NA"
8,3,6,"Phoebe","PSP",5,411,"L",0,NA,NA,0,NA,NA,NA,NA,NA,NA,NA,0,NA,"NA NA NA"
8,3,6,"Phoebe","BGP",1,84,"R",33,"stm","large",5,"yellow","Asteraceae","Tanacetum","vulgare",NA,"Non-native",NA,NA,NA,"Tanacetum vulgare NA"
8,3,6,"Phoebe","BGP",2,175,"L",3,"stm","large",1,"yellow","Asteraceae","Tanacetum","vulgare",NA,"Non-native",NA,NA,NA,"Tanacetum vulgare NA"
8,3,6,"Phoebe","BGP",2,175,"L",18,"infl","small",1,"purple","Brassicaceae","Cakile","maritima",NA,"Non-native",NA,NA,NA,"Cakile maritima NA"
8,3,6,"Phoebe","BGP",2,175,"L",3,"stm","large",1,"white","Asteraceae","Achillea","millefolium",NA,"Non-native","Y",NA,NA,"Achillea millefolium NA"
8,3,6,"Phoebe","BGP",3,224,"R",1,"head","medium",1,"yellow, white","Asteraceae","Tripleurospermum","inodorum",NA,"Non-native","Y",NA,NA,"Tripleurospermum inodorum NA"
8,3,6,"Phoebe","BGP",4,300,"R",107,"flr","small",1,"yellow","Hypericaceae","Hypericum","perforatum",NA,"Non-native",NA,NA,NA,"Hypericum perforatum NA"
8,3,6,"Phoebe","BGP",5,407,"L",2,"stm","medium",1,"white","Asteraceae","Achillea","millefolium",NA,"Non-native","Y",NA,NA,"Achillea millefolium NA"
8,3,6,"Phoebe","GBH",1,89,"L",13,"stm","large",2,"yellow","Asteraceae","Tanacetum","vulgare",NA,"Non-native",NA,NA,NA,"Tanacetum vulgare NA"
8,3,6,"Phoebe","GBH",1,89,"L",6,"infl","large",1,"white","Apiaceae","Daucus","carota",NA,"Non-native","Y",NA,NA,"Daucus carota NA"
8,3,6,"Phoebe","GBH",2,117,"L",21,"stm","large",4,"yellow","Asteraceae","Tanacetum","vulgare",NA,"Non-native",NA,NA,NA,"Tanacetum vulgare NA"
8,3,6,"Phoebe","GBH",3,228,"R",10,"stm","medium",1,"yellow","Asteraceae","Tanacetum","vulgare",NA,"Non-native",NA,NA,NA,"Tanacetum vulgare NA"
8,3,6,"Phoebe","GBH",3,228,"R",6,"infl","large",1,"white","Asteraceae","Daucus","carota",NA,"Non-native","Y",NA,NA,"Daucus carota NA"
8,3,6,"Phoebe","GBH",3,228,"R",2,"infl","small",1,"purple","Fabaceae","Trifolium","pratense",NA,"Non-native","Y",NA,NA,"Trifolium pratense NA"
8,3,6,"Phoebe","GBH",4,378,"R",1,"stm","large",1,"yellow","Asteraceae","Tanacetum","vulgare",NA,"Non-native",NA,NA,NA,"Tanacetum vulgare NA"
8,3,6,"Phoebe","GBH",5,424,"L",24,"stm","large",3,"yellow","Asteraceae","Tanacetum","vulgare",NA,"Non-native",NA,NA,NA,"Tanacetum vulgare NA"
8,3,6,"Phoebe","CCM",1,0,"R",12,"infl","large",1,"white","Asteraceae","Daucus","carota",NA,"Non-native","Y",NA,NA,"Daucus carota NA"
8,3,6,"Phoebe","CCM",1,0,"R",3,"head","small",1,"yellow","Asteraceae","Crepis","capillaris",NA,"Non-native","N",NA,NA,"Crepis capillaris NA"
8,3,6,"Phoebe","CCM",1,0,"R",8,"head","small",1,"yellow","Asteraceae","Senecio","viscosus",NA,"Non-native",NA,NA,NA,"Senecio viscosus NA"
8,3,6,"Phoebe","CCM",1,0,"R",35,"infl","small",1,"white","Brassicaceae","Lepidium","virginicum",NA,"Native",NA,NA,NA,"Lepidium virginicum NA"
8,3,6,"Phoebe","CCM",2,150,"L",3,"head","medium",1,"purple","Asteraceae","Cirsium","arvense",NA,"Non-native","Y",NA,NA,"Cirsium arvense NA"
8,3,6,"Phoebe","CCM",2,150,"L",17,"head","small",1,"yellow","Asteraceae","Jacobaea","vulgaris",NA,"Non-native","Y",NA,NA,"Jacobaea vulgaris NA"
8,3,6,"Phoebe","CCM",2,150,"L",2,"head","small",1,"yellow","Asteraceae","Crepis","capillaris",NA,"Non-native","N",NA,NA,"Crepis capillaris NA"
8,3,6,"Phoebe","CCM",3,209,"R",0,NA,NA,0,NA,NA,NA,NA,NA,NA,NA,0,NA,"NA NA NA"
8,3,6,"Phoebe","CCM",4,370,"R",0,NA,NA,0,NA,NA,NA,NA,NA,NA,NA,0,NA,"NA NA NA"
8,3,6,"Phoebe","CCM",5,462,"R",17,"head","small",1,"yellow","Asteraceae","Jacobaea","vulgaris",NA,"Non-native","Y",NA,NA,"Jacobaea vulgaris NA"
8,3,6,"Phoebe","CCM",5,462,"R",2,"head","small",1,"yellow","Asteraceae","Crepis","capillaris",NA,"Non-native","N",NA,NA,"Crepis capillaris NA"
8,3,6,"Phoebe","CCM",5,462,"R",3,"head","medium",1,"purple","Asteraceae","Cirsium","vulgare",NA,"Non-native","Y",NA,NA,"Cirsium vulgare NA"
8,4,6,"Phoebe","KPP",1,35,"L",2,"head","small",1,"yellow","Asteraceae","Grindelia","squarrosa",NA,"Native",NA,NA,NA,"Grindelia squarrosa NA"
8,4,6,"Phoebe","KPP",2,146,"R",2,"head","small",1,"yellow","Asteraceae","Grindelia","squarrosa",NA,"Native",NA,NA,NA,"Grindelia squarrosa NA"
8,4,6,"Phoebe","KPP",3,216,"L",0,NA,NA,0,NA,NA,NA,NA,NA,NA,NA,0,NA,"NA NA NA"
8,4,6,"Phoebe","KPP",4,306,"R",0,NA,NA,0,NA,NA,NA,NA,NA,NA,NA,0,NA,"NA NA NA"
8,4,6,"Phoebe","KPP",5,443,"L",11,"head","small",1,"yellow","Asteraceae","Grindelia","squarrosa",NA,"Native",NA,NA,NA,"Grindelia squarrosa NA"
8,4,6,"Phoebe","PSL",1,25,"R",NA,NA,NA,1,"yellow","Asteraceae","Ericameria","nauseosa",NA,"Native",NA,NA,NA,"Ericameria nauseosa NA"
8,4,6,"Phoebe","PSL",2,153,"R",0,NA,NA,0,NA,NA,NA,NA,NA,NA,NA,0,NA,"NA NA NA"
8,4,6,"Phoebe","PSL",3,216,"R",0,NA,NA,0,NA,NA,NA,NA,NA,NA,NA,0,NA,"NA NA NA"
8,4,6,"Phoebe","PSL",4,359,"L",0,NA,NA,0,NA,NA,NA,NA,NA,NA,NA,0,NA,"NA NA NA"
8,4,6,"Phoebe","PSL",5,493,"L",15,"infl","small",1,NA,"Fabaceae","Medicago","sativa",NA,"Non-native",NA,NA,NA,"Medicago sativa NA"
8,4,6,"Phoebe","MMF",1,0,"L",0,NA,NA,0,NA,NA,NA,NA,NA,NA,NA,0,NA,"NA NA NA"
8,4,6,"Phoebe","MMF",2,182,"R",1,"head","medium",1,"purple","Asteraceae","Erigeron","speciosus",NA,"Native",NA,NA,NA,"Erigeron speciosus NA"
8,4,6,"Phoebe","MMF",3,293,"L",15,"infl","medium",1,"red","Orobanchaceae","Castilleja","miniata",NA,"Native",NA,NA,NA,"Castilleja miniata NA"
8,4,6,"Phoebe","MMF",4,355,"R",0,NA,NA,0,NA,NA,NA,NA,NA,NA,NA,0,NA,"NA NA NA"
8,4,6,"Phoebe","MMF",5,408,"R",1,"infl","medium",1,"red","Orobanchaceae","Castilleja","miniata",NA,"Native",NA,NA,NA,"Castilleja miniata NA"
8,4,6,"Phoebe","FLT",1,73,"R",17,"infl","small",1,"pink","Fabaceae","Trifolium","hybridum",NA,"Non-native",NA,NA,NA,"Trifolium hybridum NA"
8,4,6,"Phoebe","FLT",2,196,"L",1,"infl","small",1,"pink","Fabaceae","Trifolium","hybridum",NA,"Non-native",NA,NA,NA,"Trifolium hybridum NA"
8,4,6,"Phoebe","FLT",2,196,"L",1,"flr","small",1,"purple","Onagraceae","Epilobium","ciliatum",NA,"Native","Y",NA,NA,"Epilobium ciliatum NA"
8,4,6,"Phoebe","FLT",2,196,"L",1,"flr","small",1,"yellow","Phrymaceae","Erythranthe","moschata",NA,"Native",NA,NA,NA,"Erythranthe moschata NA"
8,4,6,"Phoebe","FLT",2,196,"L",2,"head","small",1,"yellow","Asteraceae","Pilosella","https://www.inaturalist.org/observations/390054753",NA,NA,NA,NA,NA,"Pilosella https://www.inaturalist.org/observations/390054753 NA"
8,4,6,"Phoebe","FLT",3,225,"R",4,"head","small",1,"yellow","Asteraceae","Pilosella","piloselloides",NA,"Non-native",NA,NA,NA,"Pilosella piloselloides NA"
8,4,6,"Phoebe","FLT",4,366,"R",1,"flr","small",1,"purple","Onagraceae","Epilobium","ciliatum",NA,"Native","Y",NA,NA,"Epilobium ciliatum NA"
8,4,6,"Phoebe","FLT",5,487,"R",3,"flr","medium",1,"purple","Plantaginaceae","Penstemon","serrulatus",NA,"Native",NA,NA,NA,"Penstemon serrulatus NA"
8,4,6,"Phoebe","FLT",5,487,"R",4,"head","large",1,"yellow, white","Asteraceae","Leucanthemum","vulgare",NA,"Non-native","Y",NA,NA,"Leucanthemum vulgare NA"
8,4,6,"Phoebe","FLT",5,487,"R",20,"infl","large",2,"red","Orobanchaceae","Castilleja","miniata",NA,"Native",NA,NA,NA,"Castilleja miniata NA"
8,4,6,"Phoebe","FLT",5,487,"R",1,"infl","medium",1,"white","Asteraceae","Anaphalis","margaritacea",NA,"Native",NA,NA,NA,"Anaphalis margaritacea NA"
8,5,6,"Phoebe","KWL",1,90,"L",17,"head","small",1,"yellow","Asteraceae","Grindelia","squarrosa",NA,"Native",NA,NA,NA,"Grindelia squarrosa NA"
8,5,6,"Phoebe","KWL",1,90,"L",36,"head","small",1,"white","Asteraceae","Centaurea","diffusa",NA,"Non-native",NA,NA,NA,"Centaurea diffusa NA"
8,5,6,"Phoebe","KWL",2,145,"R",43,"head","small",1,"yellow","Asteraceae","Grindelia","squarrosa",NA,"Native",NA,NA,NA,"Grindelia squarrosa NA"
8,5,6,"Phoebe","KWL",2,145,"R",23,"infl","small",1,"white","Fabaceae","Melilotus","albus",NA,"Non-native",NA,NA,NA,"Melilotus albus NA"
8,5,6,"Phoebe","KWL",2,145,"R",3,"infl","small",1,"purple","Fabaceae","Medicago","sativa",NA,"Non-native",NA,NA,NA,"Medicago sativa NA"
8,5,6,"Phoebe","KWL",3,211,"R",110,"head","medium",2,"yellow","Asteraceae","Grindelia","squarrosa",NA,"Native",NA,NA,NA,"Grindelia squarrosa NA"
8,5,6,"Phoebe","KWL",4,367,"R",10,"head","small",1,"yellow","Asteraceae","Grindelia","squarrosa",NA,"Native",NA,NA,NA,"Grindelia squarrosa NA"
8,5,6,"Phoebe","KWL",4,367,"R",5,"head","small",1,"white","Asteraceae","Centaurea","diffusa",NA,"Non-native",NA,NA,NA,"Centaurea diffusa NA"
8,5,6,"Phoebe","KWL",4,367,"R",24,"infl","small",1,"purple","Fabaceae","Medicago","sativa",NA,"Non-native",NA,NA,NA,"Medicago sativa NA"
8,5,6,"Phoebe","KWL",5,496,"R",44,"head","small",1,"yellow","Asteraceae","Grindelia","squarrosa",NA,"Native",NA,NA,NA,"Grindelia squarrosa NA"
8,5,6,"Phoebe","KWL",5,496,"R",19,"infl","small",1,"white","Fabaceae","Melilotus","albus",NA,"Non-native",NA,NA,NA,"Melilotus albus NA"
8,5,6,"Phoebe","KWL",5,496,"R",1,"infl","small",1,"purple","Fabaceae","Medicago","sativa",NA,"Non-native",NA,NA,NA,"Medicago sativa NA"
8,5,6,"Phoebe","KWL",5,496,"R",32,"infl","medium",1,"yellow, white","Asteraceae","Symphyotrichum","ericoides",NA,"Native",NA,NA,NA,"Symphyotrichum ericoides NA"
8,5,6,"Phoebe","RRP",1,47,"L",0,NA,NA,0,NA,NA,NA,NA,NA,NA,NA,0,NA,"NA NA NA"
8,5,6,"Phoebe","RRP",2,105,"R",0,NA,NA,0,NA,NA,NA,NA,NA,NA,NA,0,NA,"NA NA NA"
8,5,6,"Phoebe","RRP",3,204,"R",0,NA,NA,0,NA,NA,NA,NA,NA,NA,NA,0,NA,"NA NA NA"
8,5,6,"Phoebe","RRP",4,350,"R",4,"infl","small",1,"pink","Apocynaceae","Apocynum","androsaemifolium",NA,"Native",NA,NA,NA,"Apocynum androsaemifolium NA"
8,5,6,"Phoebe","RRP",5,474,"L",0,NA,NA,0,NA,NA,NA,NA,NA,NA,NA,0,NA,"NA NA NA"
8,5,6,"Phoebe","UBC",1,51,"L",22,"infl","small",1,"purple","Fabaceae","Medicago","sativa",NA,"Non-native",NA,NA,NA,"Medicago sativa NA"
8,5,6,"Phoebe","UBC",2,144,"L",15,"infl","small",1,"purple","Fabaceae","Medicago","sativa",NA,"Non-native",NA,NA,NA,"Medicago sativa NA"
8,5,6,"Phoebe","UBC",3,265,"L",0,NA,NA,0,NA,NA,NA,NA,NA,NA,NA,0,NA,"NA NA NA"
8,5,6,"Phoebe","UBC",4,365,"L",1,"head","small",1,"white","Asteraceae","Centaurea","diffusa",NA,"Non-native",NA,NA,NA,"Centaurea diffusa NA"
8,5,6,"Phoebe","UBC",5,419,"R",6,"head","small",1,"yellow","Asteraceae","Chondrilla","juncea",NA,"Non-native",NA,NA,NA,"Chondrilla juncea NA"
8,5,6,"Phoebe","UBC",5,419,"R",7,"head","small",1,"yellow","Asteraceae","Grindelia","squarrosa",NA,"Native",NA,NA,NA,"Grindelia squarrosa NA"
8,5,6,"Phoebe","KMP",1,50,"R",8,"head","small",1,"yellow","Asteraceae","Lactuca","serriola",NA,"Non-native",NA,NA,"Mowed as we did transect","Lactuca serriola NA"
8,5,6,"Phoebe","KMP",1,50,"R",1,"head","small",1,"purple","Asteraceae","Centaurea","diffusa",NA,"Non-native",NA,NA,"Mowed as we did transect","Centaurea diffusa NA"
8,5,6,"Phoebe","KMP",2,134,"R",5,"head","small",1,"purple","Asteraceae","Cirsium","arvense",NA,"Non-native","Y",NA,"Mowed as we did transect","Cirsium arvense NA"
8,5,6,"Phoebe","KMP",2,134,"R",1,"head","medium",1,"purple","Asteraceae","Cirsium","vulgare",NA,"Non-native","Y",NA,"Mowed as we did transect","Cirsium vulgare NA"
8,5,6,"Phoebe","KMP",3,272,"L",0,NA,NA,0,NA,NA,NA,NA,NA,NA,NA,0,"Mowed as we did transect","NA NA NA"
8,5,6,"Phoebe","KMP",4,386,"R",3,"stm","medium",1,"yellow","Asteraceae","Solidago","lepida",NA,"Native",NA,NA,"Mowed as we did transect","Solidago lepida NA"
8,5,6,"Phoebe","KMP",4,386,"R",4,"head","large",1,"blue","Asteraceae","Cichorium","intybus",NA,"Non-native",NA,NA,"Mowed as we did transect","Cichorium intybus NA"
8,5,6,"Phoebe","KMP",4,386,"R",17,"infl","small",1,"white","Brassicaceae","Berteroa","incana",NA,"Non-native",NA,NA,"Mowed as we did transect","Berteroa incana NA"
8,5,6,"Phoebe","KMP",5,427,"L",22,"infl","small",1,"white","Brassicaceae","Berteroa","incana",NA,"Non-native",NA,NA,"Mowed as we did transect","Berteroa incana NA"
8,5,6,"Phoebe","KMP",5,427,"L",4,"flr","small",1,"purple","Onagraceae","Epilobium","brachycarpum",NA,"Native",NA,NA,"Mowed as we did transect","Epilobium brachycarpum NA"
8,5,6,"Phoebe","KMP",5,427,"L",73,"infl","small",1,"purple","Boraginaceae","Anchusa","officinalis",NA,"Non-native",NA,NA,"Mowed as we did transect","Anchusa officinalis NA"
8,5,6,"Phoebe","KMP",5,427,"L",1,"flr","small",1,"white","Caryophyllaceae","Silene","latifolia",NA,"Non-native","Y",NA,"Mowed as we did transect","Silene latifolia NA"
8,6,6,"Phoebe","PML",1,74,"R",29,"infl","small",1,"purple","Fabaceae","Medicago","sativa",NA,"Non-native",NA,NA,NA,"Medicago sativa NA"
8,6,6,"Phoebe","PML",1,74,"R",2,"head","small",1,"yellow","Asteraceae","Heterotheca","hirsuta",NA,"Native",NA,NA,"H. hirsuta suggested by dougbrown","Heterotheca hirsuta NA"
8,6,6,"Phoebe","PML",2,195,"L",3,"head","small",1,"yellow","Asteraceae","Heterotheca","hirsuta",NA,"Native",NA,NA,NA,"Heterotheca hirsuta NA"
8,6,6,"Phoebe","PML",3,236,"L",7,"infl","small",1,"purple","Verbenaceae","Verbena","bracteata",NA,"Native",NA,NA,NA,"Verbena bracteata NA"
8,6,6,"Phoebe","PML",4,345,"L",52,"infl","small",1,"purple","Fabaceae","Medicago","sativa",NA,"Non-native",NA,NA,NA,"Medicago sativa NA"
8,6,6,"Phoebe","PML",5,402,"L",103,"infl","medium",2,"white","Fabaceae","Melilotus","albus",NA,"Non-native",NA,NA,NA,"Melilotus albus NA"
8,6,6,"Phoebe","OKF",1,98,"L",0,NA,NA,0,NA,NA,NA,NA,NA,NA,NA,0,NA,"NA NA NA"
8,6,6,"Phoebe","OKF",2,140,"R",0,NA,NA,0,NA,NA,NA,NA,NA,NA,NA,0,NA,"NA NA NA"
8,6,6,"Phoebe","OKF",3,261,"R",1,"head","small",1,"white","Asteraceae","Centaurea","diffusa",NA,"Non-native",NA,NA,NA,"Centaurea diffusa NA"
8,6,6,"Phoebe","OKF",4,361,"L",NA,NA,NA,2,"purple","Asteraceae","Centaurea","diffusa",NA,"Non-native",NA,NA,NA,"Centaurea diffusa NA"
8,6,6,"Phoebe","OKF",4,361,"L",3,"infl","small",1,"yellow","Brassicaceae","Sisymbrium","loeselii",NA,"Non-native",NA,NA,NA,"Sisymbrium loeselii NA"
8,6,6,"Phoebe","OKF",5,459,"L",NA,NA,NA,1,"white","Asteraceae","Centaurea","diffusa",NA,"Non-native",NA,NA,NA,"Centaurea diffusa NA"
8,6,6,"Phoebe","OKF",5,459,"L",8,"infl","medium",1,"yellow","Brassicaceae","Sisymbrium","loeselii",NA,"Non-native",NA,NA,NA,"Sisymbrium loeselii NA"
8,6,6,"Phoebe","OKF",5,459,"L",110,"infl","small",1,"white","Fabaceae","Melilotus","albus",NA,"Non-native",NA,NA,NA,"Melilotus albus NA"
8,6,6,"Phoebe","JMS",1,43,"L",210,"flr","small",2,"white","Caryophyllaceae","Silene","vulgaris",NA,"Non-native",NA,NA,NA,"Silene vulgaris NA"
8,6,6,"Phoebe","JMS",1,43,"L",1,"infl","medium",1,"yellow","Brassicaceae","Sisymbrium","loeselii",NA,"Non-native",NA,NA,NA,"Sisymbrium loeselii NA"
8,6,6,"Phoebe","JMS",2,168,"L",8,"stm","large",8,"yellow","Asteraceae","Solidago","lepida",NA,"Native",NA,NA,NA,"Solidago lepida NA"
8,6,6,"Phoebe","JMS",3,243,"R",13,"infl","medium",1,"yellow","Brassicaceae","Sisymbrium","loeselii",NA,"Non-native",NA,NA,NA,"Sisymbrium loeselii NA"
8,6,6,"Phoebe","JMS",3,243,"R",NA,NA,NA,1,"white","Asteraceae","Centaurea","diffusa",NA,"Non-native",NA,NA,NA,"Centaurea diffusa NA"
8,6,6,"Phoebe","JMS",4,344,"L",4,"infl","medium",1,"purple","Fabaceae","Medicago","sativa",NA,"Non-native",NA,NA,NA,"Medicago sativa NA"
8,6,6,"Phoebe","JMS",5,486,"R",62,"infl","small",1,"purple","Fabaceae","Medicago","sativa",NA,"Non-native",NA,NA,NA,"Medicago sativa NA"
8,6,6,"Phoebe","JMS",5,486,"R",NA,NA,NA,1,"yellow","Amaranthaceae","Salsola","tragus",NA,"Non-native",NA,NA,"Wind pollinated, likely no nectar?","Salsola tragus NA"
8,6,6,"Phoebe","RTT",1,89,"R",27,"infl","medium",1,"yellow","Brassicaceae","Sisymbrium","loeselii",NA,"Non-native",NA,NA,NA,"Sisymbrium loeselii NA"
8,6,6,"Phoebe","RTT",1,89,"R",3,"stm","small",1,"yellow","Amaranthaceae","Salsola","tragus",NA,"Non-native",NA,NA,"Wind pollinated, likely no nectar?","Salsola tragus NA"
8,6,6,"Phoebe","RTT",2,157,"R",39,"infl","medium",1,"yellow","Brassicaceae","Sisymbrium","loeselii",NA,"Non-native",NA,NA,NA,"Sisymbrium loeselii NA"
8,6,6,"Phoebe","RTT",2,157,"R",190,"infl","small",1,"purple","Fabaceae","Medicago","sativa",NA,"Non-native",NA,NA,NA,"Medicago sativa NA"
8,6,6,"Phoebe","RTT",3,269,"L",23,"flr","small",1,"white","Caryophyllaceae","Silene","latifolia",NA,"Non-native","Y",NA,NA,"Silene latifolia NA"
8,6,6,"Phoebe","RTT",4,366,"L",1,"infl","small",1,"purple","Fabaceae","Medicago","sativa",NA,"Non-native",NA,NA,NA,"Medicago sativa NA"
8,6,6,"Phoebe","RTT",4,366,"L",NA,NA,NA,2,"purple","Asteraceae","Centaurea","diffusa",NA,"Non-native",NA,NA,NA,"Centaurea diffusa NA"
8,6,6,"Phoebe","RTT",5,480,"R",5,"infl","small",1,"yellow","Brassicaceae","Sisymbrium","loeselii",NA,"Non-native",NA,NA,NA,"Sisymbrium loeselii NA"
8,6,6,"Phoebe","RTT",5,480,"R",31,"infl","small",1,"white","Brassicaceae","Berteroa","incana",NA,"Non-native",NA,NA,NA,"Berteroa incana NA"
8,6,6,"Phoebe","KSP",1,23,"L",5,"stm","large",2,"yellow","Asteraceae","Solidago","https://www.inaturalist.org/observations/390408614",NA,NA,NA,NA,NA,"Solidago https://www.inaturalist.org/observations/390408614 NA"
8,6,6,"Phoebe","KSP",2,161,"R",NA,NA,NA,1,"white","Caryophyllaceae","Gypsophila","paniculata",NA,"Non-native",NA,NA,NA,"Gypsophila paniculata NA"
8,6,6,"Phoebe","KSP",3,250,"L",0,NA,NA,0,NA,NA,NA,NA,NA,NA,NA,0,NA,"NA NA NA"
8,6,6,"Phoebe","KSP",4,303,"R",5,"infl","small",1,"purple","Fabaceae","Medicago","sativa",NA,"Non-native",NA,NA,NA,"Medicago sativa NA"
8,6,6,"Phoebe","KSP",5,481,"R",14,"infl","small",1,"purple","Fabaceae","Medicago","sativa",NA,"Non-native",NA,NA,NA,"Medicago sativa NA"
8,7,6,"Phoebe","MGT",1,80,"R",1,"stm","large",1,"yellow","Rosaceae","Spiraea","lucida",NA,"Native",NA,NA,NA,"Spiraea lucida NA"
8,7,6,"Phoebe","MGT",1,80,"R",1,"flr","small",1,"pink","Orobanchaceae","Pedicularis","racemosa",NA,"Native","N",NA,NA,"Pedicularis racemosa NA"
8,7,6,"Phoebe","MGT",2,115,"L",0,NA,NA,0,NA,NA,NA,NA,NA,NA,NA,0,NA,"NA NA NA"
8,7,6,"Phoebe","MGT",3,206,"R",0,NA,NA,0,NA,NA,NA,NA,NA,NA,NA,0,NA,"NA NA NA"
8,7,6,"Phoebe","MGT",4,361,"L",0,NA,NA,0,NA,NA,NA,NA,NA,NA,NA,0,NA,"NA NA NA"
8,7,6,"Phoebe","MGT",5,474,"R",0,NA,NA,0,NA,NA,NA,NA,NA,NA,NA,0,NA,"NA NA NA"
8,7,6,"Phoebe","ABR",1,33,"R",1,"stm","medium",1,"yellow","Rosaceae","Spiraea","lucida",NA,"Native",NA,NA,NA,"Spiraea lucida NA"
8,7,6,"Phoebe","ABR",2,102,"R",1,"head","large",1,"red, yellow","Asteraceae","Gaillardia","aristata",NA,"Native",NA,NA,NA,"Gaillardia aristata NA"
8,7,6,"Phoebe","ABR",3,250,"R",55,"infl","medium",2,"yellow","Asteraceae","Artemisia","absinthium",NA,"Non-native",NA,NA,"Wind pollinated maybe no nectar","Artemisia absinthium NA"
8,7,6,"Phoebe","ABR",3,250,"R",1,"infl","small",1,"yellow","Fabaceae","Medicago","lupulina",NA,"Non-native",NA,NA,NA,"Medicago lupulina NA"
8,7,6,"Phoebe","ABR",3,250,"R",1,"flr","small",1,"purple","Onagraceae","Epilobium","brachycarpum",NA,"Native",NA,NA,NA,"Epilobium brachycarpum NA"
8,7,6,"Phoebe","ABR",4,387,"R",1,"flr","small",1,"purple","Onagraceae","Epilobium","brachycarpum",NA,"Native",NA,NA,NA,"Epilobium brachycarpum NA"
8,7,6,"Phoebe","ABR",4,387,"R",110,"infl","small",2,"white","Fabaceae","Melilotus","albus",NA,"Non-native",NA,NA,NA,"Melilotus albus NA"
8,7,6,"Phoebe","ABR",5,443,"R",0,NA,NA,0,NA,NA,NA,NA,NA,NA,NA,0,NA,"NA NA NA"
8,7,6,"Phoebe","OHR",1,0,"R",260,"infl","medium",4,"purple","Fabaceae","Medicago","sativa",NA,"Non-native",NA,NA,NA,"Medicago sativa NA"
8,7,6,"Phoebe","OHR",1,0,"R",4,"flr","small",1,"white","Caryophyllaceae","Silene","vulgaris",NA,"Non-native",NA,NA,NA,"Silene vulgaris NA"
8,7,6,"Phoebe","OHR",2,153,"R",2,"head","medium",1,"yellow","Asteraceae","Grindelia","squarrosa",NA,"Native",NA,NA,NA,"Grindelia squarrosa NA"
8,7,6,"Phoebe","OHR",3,271,"R",0,NA,NA,0,NA,NA,NA,NA,NA,NA,NA,0,NA,"NA NA NA"
8,7,6,"Phoebe","OHR",4,382,"R",1,"stm","medium",1,"white","Asteraceae","Achillea","millefolium",NA,"Non-native","Y",NA,NA,"Achillea millefolium NA"
8,7,6,"Phoebe","OHR",5,424,"L",1,"head","medium",1,"yellow","Asteraceae","Grindelia","squarrosa",NA,"Native",NA,NA,NA,"Grindelia squarrosa NA"
8,7,6,"Phoebe","PBM",1,60,"R",8,"head","small",1,"yellow","Asteraceae","Hieracium","umbellatum",NA,"Native",NA,NA,NA,"Hieracium umbellatum NA"
8,7,6,"Phoebe","PBM",1,60,"R",71,"head","medium",1,"purple","Asteraceae","Erigeron","https://www.inaturalist.org/observations/390420404",NA,NA,NA,NA,"Not all E. speciosus see inat https://www.inaturalist.org/observations/390420404","Erigeron https://www.inaturalist.org/observations/390420404 NA"
8,7,6,"Phoebe","PBM",2,116,"L",1,"infl","small",1,"yellow","Scrophulariaceae","Verbascum","thapsus",NA,"Non-native",NA,NA,NA,"Verbascum thapsus NA"
8,7,6,"Phoebe","PBM",2,116,"L",124,"head","medium",2,"purple","Asteraceae","Centaurea","stoebe",NA,"Non-native",NA,NA,NA,"Centaurea stoebe NA"
8,7,6,"Phoebe","PBM",2,116,"L",49,"head","small",1,"yellow, white","Asteraceae","Tripleurospermum","inodorum",NA,"Non-native","Y",NA,NA,"Tripleurospermum inodorum NA"
8,7,6,"Phoebe","PBM",3,223,"L",1,"head","medium",1,"purple","Asteraceae","Centaurea","stoebe",NA,"Non-native",NA,NA,NA,"Centaurea stoebe NA"
8,7,6,"Phoebe","PBM",3,223,"L",4,"head","medium",1,"yellow, white","Asteraceae","Tripleurospermum","inodorum",NA,"Non-native","Y",NA,NA,"Tripleurospermum inodorum NA"
8,7,6,"Phoebe","PBM",3,223,"L",4,"head","small",1,"purple","Asteraceae","Cirsium","arvense",NA,"Non-native","Y",NA,NA,"Cirsium arvense NA"
8,7,6,"Phoebe","PBM",4,366,"L",50,"head","medium",1,"purple","Asteraceae","Centaurea","stoebe",NA,"Non-native",NA,NA,NA,"Centaurea stoebe NA"
8,7,6,"Phoebe","PBM",4,366,"L",1,"head","medium",1,"yellow, white","Asteraceae","Tripleurospermum","inodorum",NA,"Non-native","Y",NA,NA,"Tripleurospermum inodorum NA"
8,7,6,"Phoebe","PBM",5,462,"L",14,"head","small",1,"purple","Asteraceae","Centaurea","stoebe",NA,"Non-native",NA,NA,NA,"Centaurea stoebe NA"
8,7,6,"Phoebe","PBM",5,462,"L",NA,NA,NA,1,"white","Asteraceae","Centaurea","diffusa",NA,"Non-native",NA,NA,NA,"Centaurea diffusa NA"
8,8,6,"Phoebe","RBG",1,46,"R",6,"stm","large",2,"pink","Rosaceae","Spiraea","douglasii",NA,"Native",NA,NA,NA,"Spiraea douglasii NA"
8,8,6,"Phoebe","RBG",2,127,"L",5,"flr","medium",1,"white","Convolvulaceae","Convolvulus","arvensis",NA,"Non-native",NA,NA,NA,"Convolvulus arvensis NA"
8,8,6,"Phoebe","RBG",3,203,"R",2,"infl","medium",1,"white","Apiaceae","Daucus","carota",NA,"Non-native","Y",NA,NA,"Daucus carota NA"
8,8,6,"Phoebe","RBG",4,345,"L",3,"flr","medium",1,"white","Convolvulaceae","Convolvulus","arvensis",NA,"Non-native",NA,NA,NA,"Convolvulus arvensis NA"
8,8,6,"Phoebe","RBG",4,345,"L",34,"infl","small",1,"yellow","Fabaceae","Lotus","corniculatus",NA,"Non-native",NA,NA,NA,"Lotus corniculatus NA"
8,8,6,"Phoebe","RBG",5,419,"L",7,"infl","small",1,"yellow","Fabaceae","Lotus","corniculatus",NA,"Non-native",NA,NA,NA,"Lotus corniculatus NA"
8,8,6,"Phoebe","RBG",5,419,"L",2,"infl","medium",1,"purple","Fabaceae","Trifolium","pratense",NA,"Non-native","Y",NA,NA,"Trifolium pratense NA"
8,8,6,"Phoebe","CHP",1,60,"L",1,"head","small",1,"yellow","Asteraceae","Hypochaeris","radicata",NA,"Non-native","Y",NA,NA,"Hypochaeris radicata NA"
8,8,6,"Phoebe","CHP",2,124,"R",1,"head","small",1,"yellow","Asteraceae","Hypochaeris","radicata",NA,"Non-native","Y",NA,NA,"Hypochaeris radicata NA"
8,8,6,"Phoebe","CHP",3,217,"R",7,"infl","large",1,"white","Apiaceae","Daucus","carota",NA,"Non-native","Y",NA,NA,"Daucus carota NA"
8,8,6,"Phoebe","CHP",4,321,"L",0,NA,NA,0,NA,NA,NA,NA,NA,NA,NA,0,NA,"NA NA NA"
8,8,6,"Phoebe","CHP",5,460,"R",0,NA,NA,0,NA,NA,NA,NA,NA,NA,NA,0,NA,"NA NA NA"
8,8,6,"Phoebe","BHT",1,6,"R",4,"head","small",1,"yellow","Asteraceae","Hypochaeris","radicata",NA,"Non-native","Y",NA,NA,"Hypochaeris radicata NA"
8,8,6,"Phoebe","BHT",2,164,"R",0,NA,NA,0,NA,NA,NA,NA,NA,NA,NA,0,NA,"NA NA NA"
8,8,6,"Phoebe","BHT",3,206,"R",0,NA,NA,0,NA,NA,NA,NA,NA,NA,NA,0,NA,"NA NA NA"
8,8,6,"Phoebe","BHT",4,367,"R",12,"head","small",1,"yellow","Asteraceae","Hypochaeris","radicata",NA,"Non-native","Y",NA,NA,"Hypochaeris radicata NA"
8,8,6,"Phoebe","BHT",5,496,"L",3,"head","small",1,"yellow","Asteraceae","Hypochaeris","radicata",NA,"Non-native","Y",NA,NA,"Hypochaeris radicata NA"
8,8,6,"Phoebe","HRP",1,97,"R",2,"flr","small",1,"yellow","Asteraceae","Hypochaeris","radicata",NA,"Non-native","Y",NA,NA,"Hypochaeris radicata NA"
8,8,6,"Phoebe","HRP",2,147,"L",0,NA,NA,0,NA,NA,NA,NA,NA,NA,NA,0,NA,"NA NA NA"
8,8,6,"Phoebe","HRP",3,221,"R",0,NA,NA,0,NA,NA,NA,NA,NA,NA,NA,0,NA,"NA NA NA"
8,8,6,"Phoebe","HRP",4,375,"L",0,NA,NA,0,NA,NA,NA,NA,NA,NA,NA,0,NA,"NA NA NA"
8,8,6,"Phoebe","HRP",5,433,"L",0,NA,NA,0,NA,NA,NA,NA,NA,NA,NA,0,NA,"NA NA NA"
8,17,7,"Phoebe","BGP",1,28,"R",6,"flr","small",1,"yellow","Hypericaceae","Hypericum","perforatum",NA,"Non-native",NA,NA,NA,"Hypericum perforatum NA"
8,17,7,"Phoebe","BGP",2,140,"L",9,"stm","large",3,"yellow","Asteraceae","Tanacetum","vulgare",NA,"Non-native",NA,NA,NA,"Tanacetum vulgare NA"
8,17,7,"Phoebe","BGP",2,140,"L",5,"stm","large",1,"white","Asteraceae","Achillea","millefolium",NA,"Non-native","Y",NA,NA,"Achillea millefolium NA"
8,17,7,"Phoebe","BGP",2,140,"L",6,"infl","large",1,"pink","Fabaceae","Lathyrus","latifolius",NA,"Non-native",NA,NA,NA,"Lathyrus latifolius NA"
8,17,7,"Phoebe","BGP",3,240,"L",2,"stm","medium",1,"yellow","Asteraceae","Tanacetum","vulgare",NA,"Non-native",NA,NA,"No quadrat photo","Tanacetum vulgare NA"
8,17,7,"Phoebe","BGP",3,240,"L",1,"head","small",1,"yellow","Asteraceae","Sonchus","arvensis",NA,"Non-native",NA,NA,NA,"Sonchus arvensis NA"
8,17,7,"Phoebe","BGP",4,390,"R",4,"stm","medium",1,"white","Asteraceae","Achillea","millefolium",NA,"Non-native","Y",NA,NA,"Achillea millefolium NA"
8,17,7,"Phoebe","BGP",4,390,"R",18,"infl","large",1,"pink","Fabaceae","Lathyrus","latifolius",NA,"Non-native",NA,NA,NA,"Lathyrus latifolius NA"
8,17,7,"Phoebe","BGP",5,448,"R",1,"stm","small",1,"white","Asteraceae","Achillea","millefolium",NA,"Non-native","Y",NA,NA,"Achillea millefolium NA"
8,17,7,"Phoebe","CCM",1,41,"R",2,"flr","small",1,"white","Onagraceae","Epilobium","brachycarpum",NA,"Native",NA,NA,NA,"Epilobium brachycarpum NA"
8,17,7,"Phoebe","CCM",1,41,"R",1,"infl","small",1,"white","Apiaceae","Daucus","carota",NA,"Non-native","Y",NA,NA,"Daucus carota NA"
8,17,7,"Phoebe","CCM",2,175,"L",1,"head","small",1,"yellow","Asteraceae","Hypochaeris","radicata",NA,"Non-native","Y",NA,NA,"Hypochaeris radicata NA"
8,17,7,"Phoebe","CCM",2,175,"L",1,"head","small",1,"yellow","Asteraceae","Hypochaeris","https://www.inaturalist.org/observations/392771030",NA,NA,NA,NA,"Combine with above row if H. radicata","Hypochaeris https://www.inaturalist.org/observations/392771030 NA"
8,17,7,"Phoebe","CCM",2,175,"L",2,"head","small",1,"yellow","Asteraceae","Crepis","https://www.inaturalist.org/observations/392771028",NA,NA,NA,NA,NA,"Crepis https://www.inaturalist.org/observations/392771028 NA"
8,17,7,"Phoebe","CCM",2,175,"L",37,"infl","medium",1,"white","Apiaceae","Daucus","carota",NA,"Non-native","Y",NA,NA,"Daucus carota NA"
8,17,7,"Phoebe","CCM",3,220,"R",1,"head","small",1,"yellow","Asteraceae","Hypochaeris","radicata",NA,"Non-native","Y",NA,NA,"Hypochaeris radicata NA"
8,17,7,"Phoebe","CCM",4,388,"R",0,NA,NA,0,NA,NA,NA,NA,NA,NA,NA,0,NA,"NA NA NA"
8,17,7,"Phoebe","CCM",5,489,"L",6,"head","small",1,"yellow","Asteraceae","Senecio","viscosus",NA,"Non-native",NA,NA,NA,"Senecio viscosus NA"
8,17,7,"Phoebe","CCM",5,489,"L",1,"infl","small",1,"yellow","Scrophulariaceae","Verbascum","thapsus",NA,"Non-native",NA,NA,NA,"Verbascum thapsus NA"
8,17,7,"Phoebe","GBH",1,28,"L",26,"infl","small",1,"white","Fabaceae","Melilotus","albus",NA,"Non-native",NA,NA,NA,"Melilotus albus NA"
8,17,7,"Phoebe","GBH",1,28,"L",1,"stm","medium",1,"yellow","Asteraceae","Tanacetum","vulgare",NA,"Non-native",NA,NA,NA,"Tanacetum vulgare NA"
8,17,7,"Phoebe","GBH",1,28,"L",3,"infl","medium",1,"white","Apiaceae","Daucus","carota",NA,"Non-native","Y",NA,NA,"Daucus carota NA"
8,17,7,"Phoebe","GBH",2,179,"R",6,"stm","medium",1,"yellow","Asteraceae","Tanacetum","vulgare",NA,"Non-native",NA,NA,NA,"Tanacetum vulgare NA"
8,17,7,"Phoebe","GBH",2,179,"R",2,"infl","medium",1,"white","Apiaceae","Daucus","carota",NA,"Non-native","Y",NA,NA,"Daucus carota NA"
8,17,7,"Phoebe","GBH",2,179,"R",1,"head","small",1,"blue","Asteraceae","Cichorium","intybus",NA,"Non-native",NA,NA,NA,"Cichorium intybus NA"
8,17,7,"Phoebe","GBH",3,203,"R",212,"infl","small",2,"white","Fabaceae","Melilotus","albus",NA,"Non-native",NA,NA,NA,"Melilotus albus NA"
8,17,7,"Phoebe","GBH",3,203,"R",2,"stm","large",1,"yellow","Asteraceae","Tanacetum","vulgare",NA,"Non-native",NA,NA,NA,"Tanacetum vulgare NA"
8,17,7,"Phoebe","GBH",3,203,"R",4,"infl","small",1,"white","Apiaceae","Daucus","carota",NA,"Non-native","Y",NA,NA,"Daucus carota NA"
8,17,7,"Phoebe","GBH",3,203,"R",2,"infl","small",1,"pink","Fabaceae","Trifolium","hybridum",NA,"Non-native",NA,NA,NA,"Trifolium hybridum NA"
8,17,7,"Phoebe","GBH",4,397,"R",1,"stm","large",1,"yellow","Asteraceae","Tanacetum","vulgare",NA,"Non-native",NA,NA,NA,"Tanacetum vulgare NA"
8,17,7,"Phoebe","GBH",5,459,"R",1,"stm","large",1,"yellow","Asteraceae","Tanacetum","vulgare",NA,"Non-native",NA,NA,NA,"Tanacetum vulgare NA"
8,17,7,"Phoebe","GBH",5,459,"R",2,"infl","small",1,"pink","Fabaceae","Trifolium","hybridum",NA,"Non-native",NA,NA,NA,"Trifolium hybridum NA"
8,17,7,"Phoebe","PSP",1,94,"L",15,"infl","medium",1,"white","Fabaceae","Trifolium","repens",NA,"Non-native","Y",NA,NA,"Trifolium repens NA"
8,17,7,"Phoebe","PSP",1,94,"L",1,"flr","small",1,"yellow","Ranunculaceae","Ranunculus","repens",NA,"Non-native","Y",NA,NA,"Ranunculus repens NA"
8,17,7,"Phoebe","PSP",2,109,"R",1,"head","small",1,"yellow","Asteraceae","Hypochaeris","radicata",NA,"Non-native","Y",NA,NA,"Hypochaeris radicata NA"
8,17,7,"Phoebe","PSP",3,250,"L",0,NA,NA,0,NA,NA,NA,NA,NA,NA,NA,0,NA,"NA NA NA"
8,17,7,"Phoebe","PSP",4,325,"L",1,"flr","small",1,"pink","Geraniaceae","Geranium","robertianum",NA,"Non-native",NA,NA,NA,"Geranium robertianum NA"
8,17,7,"Phoebe","PSP",5,447,"L",0,NA,NA,0,NA,NA,NA,NA,NA,NA,NA,0,NA,"NA NA NA"
8,18,7,"Phoebe","BHT",1,9,"L",2,"head","small",1,"yellow","Asteraceae","Hypochaeris","radicata",NA,"Non-native","Y",NA,NA,"Hypochaeris radicata NA"
8,18,7,"Phoebe","BHT",2,141,"R",1,"head","small",1,"yellow","Asteraceae","Hypochaeris","radicata",NA,"Non-native","Y",NA,NA,"Hypochaeris radicata NA"
8,18,7,"Phoebe","BHT",3,250,"L",0,NA,NA,0,NA,NA,NA,NA,NA,NA,NA,0,NA,"NA NA NA"
8,18,7,"Phoebe","BHT",4,313,"R",4,"head","small",1,"yellow","Asteraceae","Hypochaeris","radicata",NA,"Non-native","Y",NA,NA,"Hypochaeris radicata NA"
8,18,7,"Phoebe","BHT",5,411,"R",4,"head","small",1,"yellow","Asteraceae","Hypochaeris","radicata",NA,"Non-native","Y",NA,NA,"Hypochaeris radicata NA"
8,18,7,"Phoebe","RBG",1,36,"R",2,"flr","small",1,"white","Convolvulaceae","Convolvulus","arvensis",NA,"Non-native",NA,NA,NA,"Convolvulus arvensis NA"
8,18,7,"Phoebe","RBG",1,36,"R",1,"infl","medium",1,"pink","Rosaceae","Spiraea","douglasii",NA,"Native",NA,NA,NA,"Spiraea douglasii NA"
8,18,7,"Phoebe","RBG",2,136,"R",0,NA,NA,0,NA,NA,NA,NA,NA,NA,NA,0,NA,"NA NA NA"
8,18,7,"Phoebe","RBG",3,273,"R",0,NA,NA,0,NA,NA,NA,NA,NA,NA,NA,0,NA,"NA NA NA"
8,18,7,"Phoebe","RBG",4,318,"R",0,NA,NA,0,NA,NA,NA,NA,NA,NA,NA,0,NA,"NA NA NA"
8,18,7,"Phoebe","RBG",5,491,"R",20,"infl","small",1,"yellow","Fabaceae","Medicago","lupulina",NA,"Non-native",NA,NA,NA,"Medicago lupulina NA"
8,18,7,"Phoebe","CHP",1,66,"L",0,NA,NA,0,NA,NA,NA,NA,NA,NA,NA,0,NA,"NA NA NA"
8,18,7,"Phoebe","CHP",2,123,"R",0,NA,NA,0,NA,NA,NA,NA,NA,NA,NA,0,NA,"NA NA NA"
8,18,7,"Phoebe","CHP",3,297,"R",0,NA,NA,0,NA,NA,NA,NA,NA,NA,NA,0,NA,"NA NA NA"
8,18,7,"Phoebe","CHP",4,308,"R",0,NA,NA,0,NA,NA,NA,NA,NA,NA,NA,0,NA,"NA NA NA"
8,18,7,"Phoebe","CHP",5,498,"L",0,NA,NA,0,NA,NA,NA,NA,NA,NA,NA,0,NA,"NA NA NA"
8,18,7,"Phoebe","HRP",1,81,"L",0,NA,NA,0,NA,NA,NA,NA,NA,NA,NA,0,NA,"NA NA NA"
8,18,7,"Phoebe","HRP",2,153,"R",0,NA,NA,0,NA,NA,NA,NA,NA,NA,NA,0,NA,"NA NA NA"
8,18,7,"Phoebe","HRP",3,225,"R",0,NA,NA,0,NA,NA,NA,NA,NA,NA,NA,0,NA,"NA NA NA"
8,18,7,"Phoebe","HRP",4,343,"R",0,NA,NA,0,NA,NA,NA,NA,NA,NA,NA,0,NA,"NA NA NA"
8,18,7,"Phoebe","HRP",5,470,"R",0,NA,NA,0,NA,NA,NA,NA,NA,NA,NA,0,NA,"NA NA NA"
8,25,7,"Phoebe","JMS",1,77,"L",8,"flr","small",1,"white","Caryophyllaceae","Silene","vulgaris",NA,"Non-native",NA,NA,NA,"Silene vulgaris NA"
8,25,7,"Phoebe","JMS",1,77,"L",NA,NA,NA,1,"purple, white","Asteraceae","Centaurea","diffusa",NA,"Non-native",NA,NA,NA,"Centaurea diffusa NA"
8,25,7,"Phoebe","JMS",2,142,"L",40,"infl","medium",1,"white","Caryophyllaceae","Silene","vulgaris",NA,"Non-native",NA,NA,NA,"Silene vulgaris NA"
8,25,7,"Phoebe","JMS",2,142,"L",5,"head","small",1,"white","Asteraceae","Centaurea","diffusa",NA,"Non-native",NA,NA,NA,"Centaurea diffusa NA"
8,25,7,"Phoebe","JMS",2,142,"L",24,"infl","medium",1,"purple","Fabaceae","Medicago","sativa",NA,"Non-native",NA,NA,NA,"Medicago sativa NA"
8,25,7,"Phoebe","JMS",2,142,"L",5,"stm","large",3,"yellow","Asteraceae","Solidago","lepida",NA,"Native",NA,NA,NA,"Solidago lepida NA"
8,25,7,"Phoebe","JMS",3,240,"L",4,"infl","medium",1,"yellow","Brassicaceae","Sisymbrium","loeselii",NA,"Non-native",NA,NA,NA,"Sisymbrium loeselii NA"
8,25,7,"Phoebe","JMS",3,240,"L",334,"infl","medium",10,"purple","Fabaceae","Medicago","sativa",NA,"Non-native",NA,NA,NA,"Medicago sativa NA"
8,25,7,"Phoebe","JMS",4,349,"R",45,"flr","small",1,"white","Caryophyllaceae","Silene","vulgaris",NA,"Non-native",NA,NA,NA,"Silene vulgaris NA"
8,25,7,"Phoebe","JMS",4,349,"R",1,"infl","medium",1,"yellow","Brassicaceae","Sisymbrium","loeselii",NA,"Non-native",NA,NA,NA,"Sisymbrium loeselii NA"
8,25,7,"Phoebe","JMS",5,438,"L",NA,NA,NA,25,"white","Polygonaceae","Eriogonum","niveum",NA,"Native",NA,NA,NA,"Eriogonum niveum NA"
8,25,7,"Phoebe","OHR",1,81,"L",1,"infl","small",1,"yellow","Scrophulariaceae","Verbascum","thapsus",NA,"Non-native",NA,NA,NA,"Verbascum thapsus NA"
8,25,7,"Phoebe","OHR",2,194,"L",6,"head","medium",1,"yellow","Asteraceae","Grindelia","squarrosa",NA,"Native",NA,NA,NA,"Grindelia squarrosa NA"
8,25,7,"Phoebe","OHR",3,249,"R",4,"infl","medium",1,"yellow","Plantaginaceae","Linaria","dalmatica",NA,"Non-native",NA,NA,NA,"Linaria dalmatica NA"
8,25,7,"Phoebe","OHR",4,312,"L",NA,NA,NA,NA,NA,NA,NA,NA,NA,NA,NA,NA,NA,"NA NA NA"
8,25,7,"Phoebe","OHR",5,493,"R",2,"infl","small",1,"yellow","Scrophulariaceae","Verbascum","thapsus",NA,"Non-native",NA,NA,NA,"Verbascum thapsus NA"
8,25,7,"Phoebe","ABR",1,84,"R",5,"flr","small",1,"pink","Onagraceae","Epilobium","brachycarpum",NA,"Native",NA,NA,NA,"Epilobium brachycarpum NA"
8,25,7,"Phoebe","ABR",2,169,"R",9,"flr","small",1,"pink","Onagraceae","Epilobium","brachycarpum",NA,"Native",NA,NA,NA,"Epilobium brachycarpum NA"
8,25,7,"Phoebe","ABR",2,169,"R",1,"infl","small",1,"yellow","Plantaginaceae","Linaria","dalmatica",NA,"Non-native",NA,NA,NA,"Linaria dalmatica NA"
8,25,7,"Phoebe","ABR",3,293,"R",108,"flr","small",1,"pink","Onagraceae","Epilobium","brachycarpum",NA,"Native",NA,NA,NA,"Epilobium brachycarpum NA"
8,25,7,"Phoebe","ABR",4,316,"R",2,"flr","small",1,"pink","Onagraceae","Epilobium","brachycarpum",NA,"Native",NA,NA,NA,"Epilobium brachycarpum NA"
8,25,7,"Phoebe","ABR",4,316,"R",6,"head","medium",1,"white","Asteraceae","Cirsium","arvense",NA,"Non-native","Y",NA,NA,"Cirsium arvense NA"
8,25,7,"Phoebe","ABR",5,401,"R",8,"head","small",1,"purple","Asteraceae","Centaurea","diffusa",NA,"Non-native",NA,NA,NA,"Centaurea diffusa NA"
8,25,7,"Phoebe","PBM",1,52,"L",141,"head","medium",3,"white","Asteraceae","Tripleurospermum","inodorum",NA,"Non-native","Y",NA,NA,"Tripleurospermum inodorum NA"
8,25,7,"Phoebe","PBM",1,52,"L",9,"head","small",1,"yellow","Asteraceae","Mycelis","muralis",NA,"Non-native",NA,NA,NA,"Mycelis muralis NA"
8,25,7,"Phoebe","PBM",1,52,"L",2,"head","large",1,"yellow","Asteraceae","Tragopogon","dubius",NA,"Non-native",NA,NA,NA,"Tragopogon dubius NA"
8,25,7,"Phoebe","PBM",2,147,"L",4,"head","medium",1,"purple","Asteraceae","Centaurea","stoebe",NA,"Non-native",NA,NA,NA,"Centaurea stoebe NA"
8,25,7,"Phoebe","PBM",2,147,"L",66,"infl","large",12,"pink","Onagraceae","Chamaenerion","angustifolium",NA,"Native","Y",NA,NA,"Chamaenerion angustifolium NA"
8,25,7,"Phoebe","PBM",3,265,"L",7,"flr","small",1,"purple","Onagraceae","Epilobium","brachycarpum",NA,"Native",NA,NA,NA,"Epilobium brachycarpum NA"
8,25,7,"Phoebe","PBM",3,265,"L",1,"head","small",1,"yellow","Asteraceae","Lactuca","serriola",NA,"Non-native",NA,NA,NA,"Lactuca serriola NA"
8,25,7,"Phoebe","PBM",3,265,"L",2,"infl","medium",1,"yellow","Scrophulariaceae","Verbascum","thapsus",NA,"Non-native",NA,NA,NA,"Verbascum thapsus NA"
8,25,7,"Phoebe","PBM",4,396,"L",4,"head","medium",1,"pruple","Asteraceae","Centaurea","stoebe",NA,"Non-native",NA,NA,NA,"Centaurea stoebe NA"
8,25,7,"Phoebe","PBM",5,426,"R",13,"head","small",1,"purple","Asteraceae","Cirsium","arvense",NA,"Non-native","Y",NA,NA,"Cirsium arvense NA"
8,25,7,"Phoebe","PBM",5,426,"R",45,"head","small",1,"white","Asteraceae","Tripleurospermum","inodorum",NA,"Non-native","Y",NA,NA,"Tripleurospermum inodorum NA"
8,25,7,"Phoebe","MGT",1,49,"L",2,"head","medium",1,"yellow","Asteraceae","Tragopogon","dubius",NA,"Non-native",NA,NA,NA,"Tragopogon dubius NA"
8,25,7,"Phoebe","MGT",1,49,"L",15,"head","medium",1,"yellow","Asteraceae","Leucanthemum","vulgare",NA,"Non-native","Y",NA,"Counted heads without rays that looked edible","Leucanthemum vulgare NA"
8,25,7,"Phoebe","MGT",2,110,"L",0,NA,NA,0,NA,NA,NA,NA,NA,NA,NA,NA,NA,"NA NA NA"
8,25,7,"Phoebe","MGT",3,296,"L",0,NA,NA,0,NA,NA,NA,NA,NA,NA,NA,NA,NA,"NA NA NA"
8,25,7,"Phoebe","MGT",4,368,"R",0,NA,NA,0,NA,NA,NA,NA,NA,NA,NA,NA,NA,"NA NA NA"
8,25,7,"Phoebe","MGT",5,480,"L",0,NA,NA,0,NA,NA,NA,NA,NA,NA,NA,NA,NA,"NA NA NA"
8,26,7,"Phoebe","OKF",1,84,"R",6,"infl","medium",1,"yellow","Plantaginaceae","Linaria","dalmatica",NA,"Non-native",NA,NA,NA,"Linaria dalmatica NA"
8,26,7,"Phoebe","OKF",2,136,"L",3,"head","small",1,"white","Asteraceae","Centaurea","diffusa",NA,"Non-native",NA,NA,NA,"Centaurea diffusa NA"
8,26,7,"Phoebe","OKF",3,299,"L",10,"infl","small",1,"purple","Fabaceae","Medicago","sativa",NA,"Non-native",NA,NA,NA,"Medicago sativa NA"
8,26,7,"Phoebe","OKF",4,308,"L",16,"infl","medium",1,"purple","Fabaceae","Medicago","sativa",NA,"Non-native",NA,NA,NA,"Medicago sativa NA"
8,26,7,"Phoebe","OKF",5,487,"R",1,"head","small",1,"white","Asteraceae","Centaurea","diffusa",NA,"Non-native",NA,NA,NA,"Centaurea diffusa NA"
8,26,7,"Phoebe","KSP",1,18,"L",2,"infl","small",1,"yellow","Brassicaceae","Sisymbrium","loeselii",NA,"Non-native",NA,NA,NA,"Sisymbrium loeselii NA"
8,26,7,"Phoebe","KSP",2,136,"L",9,"infl","small",1,"purple","Fabaceae","Medicago","sativa",NA,"Non-native",NA,NA,NA,"Medicago sativa NA"
8,26,7,"Phoebe","KSP",3,245,"R",0,NA,NA,0,NA,NA,NA,NA,NA,NA,NA,NA,NA,"NA NA NA"
8,26,7,"Phoebe","KSP",4,305,"L",4,"infl","small",1,"white","Polygonaceae","Eriogonum","niveum",NA,"Native",NA,NA,NA,"Eriogonum niveum NA"
8,26,7,"Phoebe","KSP",5,403,"R",27,"infl","small",1,"purple","Fabaceae","Medicago","sativa",NA,"Non-native",NA,NA,NA,"Medicago sativa NA"
8,26,7,"Phoebe","KSP",5,403,"R",1,"infl","small",1,"yellow","Plantaginaceae","Linaria","dalmatica",NA,"Non-native",NA,NA,NA,"Linaria dalmatica NA"
8,26,7,"Phoebe","KWL",1,10,"L",11,"head","small",1,"yellow","Asteraceae","Grindelia","squarrosa",NA,"Native",NA,NA,NA,"Grindelia squarrosa NA"
8,26,7,"Phoebe","KWL",1,10,"L",4,"infl","small",1,"purple","Fabaceae","Medicago","sativa",NA,"Non-native",NA,NA,NA,"Medicago sativa NA"
8,26,7,"Phoebe","KWL",2,160,"R",39,"head","medium",1,"yellow","Asteraceae","Grindelia","squarrosa",NA,"Native",NA,NA,NA,"Grindelia squarrosa NA"
8,26,7,"Phoebe","KWL",3,252,"R",67,"head","small",2,"yellow","Asteraceae","Grindelia","squarrosa",NA,"Native",NA,NA,NA,"Grindelia squarrosa NA"
8,26,7,"Phoebe","KWL",4,334,"R",47,"head","small",1,"yellow","Asteraceae","Grindelia","squarrosa",NA,"Native",NA,NA,NA,"Grindelia squarrosa NA"
8,26,7,"Phoebe","KWL",4,334,"R",1,"infl","small",1,"purple","Fabaceae","Medicago","sativa",NA,"Non-native",NA,NA,NA,"Medicago sativa NA"
8,26,7,"Phoebe","KWL",5,429,"R",23,"head","small",1,"yellow","Asteraceae","Grindelia","squarrosa",NA,"Native",NA,NA,NA,"Grindelia squarrosa NA"
8,26,7,"Phoebe","PML",1,63,"L",6,"head","small",1,"yellow","Asteraceae","Heterotheca",NA,NA,"Native",NA,NA,"All Heterotheca species in BC are native","Heterotheca NA NA"
8,26,7,"Phoebe","PML",1,63,"L",11,"infl","small",1,"purple","Fabaceae","Medicago","sativa",NA,"Non-native",NA,NA,NA,"Medicago sativa NA"
8,26,7,"Phoebe","PML",2,140,"R",10,"head","small",1,"yellow","Asteraceae","Heterotheca",NA,NA,"Native",NA,NA,"All Heterotheca species in BC are native","Heterotheca NA NA"
8,26,7,"Phoebe","PML",2,140,"R",2,"stm","small",1,"yellow","Asteraceae","Artemisia","campestris",NA,"Native",NA,NA,"iNat splits A. campestris into two different species, but BCSEE doesn't. Might not produce nectar","Artemisia campestris NA"
8,26,7,"Phoebe","PML",3,224,"L",7,"head","small",1,"yellow","Asteraceae","Grindelia","squarrosa",NA,"Native",NA,NA,NA,"Grindelia squarrosa NA"
8,26,7,"Phoebe","PML",4,393,"L",2,"head","medium",1,"yellow","Asteraceae","Grindelia","squarrosa",NA,"Native",NA,NA,NA,"Grindelia squarrosa NA"
8,26,7,"Phoebe","PML",5,480,"R",21,"infl","small",1,"purple","Fabaceae","Medicago","sativa",NA,"Non-native",NA,NA,NA,"Medicago sativa NA"
8,26,7,"Phoebe","PML",5,480,"R",1,"infl","small",1,"white","Fabaceae","Melilotus","albus",NA,"Non-native",NA,NA,NA,"Melilotus albus NA"
8,26,7,"Phoebe","RTT",1,73,"R",NA,NA,"small",2,"white","Caryophyllaceae","Gypsophila","paniculata",NA,"Non-native",NA,NA,NA,"Gypsophila paniculata NA"
8,26,7,"Phoebe","RTT",2,132,"R",150,"infl","small",2,"purple","Fabaceae","Medicago","sativa",NA,"Non-native",NA,NA,NA,"Medicago sativa NA"
8,26,7,"Phoebe","RTT",3,299,"R",7,"infl","small",1,"yellow","Brassicaceae","Sisymbrium","loeselii",NA,"Non-native",NA,NA,NA,"Sisymbrium loeselii NA"
8,26,7,"Phoebe","RTT",4,391,"R",2,"infl","small",1,"yellow","Brassicaceae","Sisymbrium","loeselii",NA,"Non-native",NA,NA,NA,"Sisymbrium loeselii NA"
8,26,7,"Phoebe","RTT",4,391,"R",9,"infl","small",1,"white","Brassicaceae","Berteroa","incana",NA,"Non-native",NA,NA,NA,"Berteroa incana NA"
8,26,7,"Phoebe","RTT",5,431,"L",0,NA,NA,0,NA,NA,NA,NA,NA,NA,NA,NA,"Adjusted to 0 because the only plant in quadrat (Bassia scoparia) does not make nectar","NA NA NA"
8,27,7,"Phoebe","UBC",1,14,"L",6,"infl","small",1,"purple","Fabaceae","Medicago","sativa",NA,"Non-native",NA,NA,NA,"Medicago sativa NA"
8,27,7,"Phoebe","UBC",2,101,"R",0,NA,NA,0,NA,NA,NA,NA,NA,NA,NA,0,NA,"NA NA NA"
8,27,7,"Phoebe","UBC",3,277,"L",1,"head","small",1,"yellow","Asteraceae","Chondrilla","juncea",NA,"Non-native",NA,NA,NA,"Chondrilla juncea NA"
8,27,7,"Phoebe","UBC",4,338,"R",0,NA,NA,0,NA,NA,NA,NA,NA,NA,NA,0,NA,"NA NA NA"
8,27,7,"Phoebe","UBC",5,404,"R",1,"infl","small",1,"yellow","Asteraceae","Symphyotrichum","https://www.inaturalist.org/observations/396547696",NA,"Native",NA,NA,"Maybe S. ericoides, both native","Symphyotrichum https://www.inaturalist.org/observations/396547696 NA"
8,27,7,"Phoebe","KMP",1,52,"L",NA,NA,NA,1,"white, pink","Polygonaceae","Polygonum","aviculare",NA,"Non-native",NA,NA,"Might not make nectar","Polygonum aviculare NA"
8,27,7,"Phoebe","KMP",2,121,"L",13,"infl","small",1,"yellow","Fabaceae","Medicago","lupulina",NA,"Non-native",NA,NA,NA,"Medicago lupulina NA"
8,27,7,"Phoebe","KMP",3,258,"L",1,"infl","medium",1,"yellow","Asteraceae","Solidago","lepida",NA,"Native",NA,NA,NA,"Solidago lepida NA"
8,27,7,"Phoebe","KMP",4,340,"L",0,NA,NA,0,NA,NA,NA,NA,NA,NA,NA,0,NA,"NA NA NA"
8,27,7,"Phoebe","KMP",5,443,"L",33,"head","small",1,"yellow","Asteraceae","Lactuca","serriola",NA,"Non-native",NA,NA,NA,"Lactuca serriola NA"
8,27,7,"Phoebe","KMP",5,443,"L",2,"flr","small",1,"purple","Onagraceae","Epilobium","brachycarpum",NA,"Native",NA,NA,NA,"Epilobium brachycarpum NA"
8,27,7,"Phoebe","KMP",5,443,"L",7,"infl","medium",1,"purple","Fabaceae","Medicago","sativa",NA,"Non-native",NA,NA,NA,"Medicago sativa NA"
8,27,7,"Phoebe","KMP",5,443,"L",1,"head","medium",1,"purple","Asteraceae","Cichorium","intybus",NA,"Non-native",NA,NA,NA,"Cichorium intybus NA"
8,27,7,"Phoebe","RRP",1,14,"R",0,NA,NA,0,NA,NA,NA,NA,NA,NA,NA,0,NA,"NA NA NA"
8,27,7,"Phoebe","RRP",2,180,"L",2,"flr","small",1,"white","Onagraceae","Epilobium","brachycarpum",NA,"Native",NA,NA,NA,"Epilobium brachycarpum NA"
8,27,7,"Phoebe","RRP",3,227,"L",0,NA,NA,0,NA,NA,NA,NA,NA,NA,NA,0,NA,"NA NA NA"
8,27,7,"Phoebe","RRP",4,353,"L",0,NA,NA,0,NA,NA,NA,NA,NA,NA,NA,0,NA,"NA NA NA"
8,27,7,"Phoebe","RRP",5,482,"L",0,NA,NA,0,NA,NA,NA,NA,NA,NA,NA,0,NA,"NA NA NA"
8,27,7,"Phoebe","PSL",1,85,"R",NA,NA,NA,1,"yellow","Asteraceae","Ericameria","nauseosa",NA,"Native",NA,NA,NA,"Ericameria nauseosa NA"
8,27,7,"Phoebe","PSL",2,182,"R",1,"infl","small",1,"yellow","Asteraceae","Artemisia","campestris",NA,"Native",NA,NA,NA,"Artemisia campestris NA"
8,27,7,"Phoebe","PSL",3,257,"R",1,"head","small",1,"yellow","Asteraceae","Heterotheca",NA,NA,"Native",NA,NA,"All Heterotheca species in BC are native","Heterotheca NA NA"
8,27,7,"Phoebe","PSL",4,355,"R",NA,NA,NA,1,"yellow","Asteraceae","Ericameria","nauseosa",NA,"Native",NA,NA,NA,"Ericameria nauseosa NA"
8,27,7,"Phoebe","PSL",5,428,"L",NA,NA,NA,1,"yellow","Asteraceae","Ericameria","nauseosa",NA,"Native",NA,NA,NA,"Ericameria nauseosa NA"
8,28,7,"Phoebe","MMF",1,73,"L",0,NA,NA,0,NA,NA,NA,NA,NA,NA,NA,NA,NA,"NA NA NA"
8,28,7,"Phoebe","MMF",2,135,"R",1,"head","medium",1,"yellow","Asteraceae","Agoseris",NA,NA,"Native",NA,NA,"All Agoseris species in BC are native","Agoseris NA NA"
8,28,7,"Phoebe","MMF",2,135,"R",12,"infl","small",1,"white","Rubiaceae","Galium","boreale",NA,"Native",NA,NA,NA,"Galium boreale NA"
8,28,7,"Phoebe","MMF",2,135,"R",1,"head","medium",1,"yellow","Asteraceae","Taraxacum",NA,NA,NA,"Y",NA,"Taraxacum taxonomy is unclear","Taraxacum NA NA"
8,28,7,"Phoebe","MMF",2,135,"R",9,"head","small",1,"purple","Asteraceae","Cirsium","arvense",NA,"Non-native","Y",NA,NA,"Cirsium arvense NA"
8,28,7,"Phoebe","MMF",3,239,"L",0,NA,NA,0,NA,NA,NA,NA,NA,NA,NA,NA,NA,"NA NA NA"
8,28,7,"Phoebe","MMF",4,321,"R",0,NA,NA,0,NA,NA,NA,NA,NA,NA,NA,NA,NA,"NA NA NA"
8,28,7,"Phoebe","MMF",5,472,"R",0,NA,NA,0,NA,NA,NA,NA,NA,NA,NA,NA,NA,"NA NA NA"
8,28,7,"Phoebe","KPP",1,31,"L",9,"head","small",1,"yellow","Asteraceae","Grindelia","squarrosa",NA,"Native",NA,NA,NA,"Grindelia squarrosa NA"
8,28,7,"Phoebe","KPP",1,31,"L",26,"stm","small",1,"yellow","Asteraceae","Artemisia","frigida",NA,"Native",NA,NA,NA,"Artemisia frigida NA"
8,28,7,"Phoebe","KPP",2,166,"R",5,"infl","small",1,"purple","Fabaceae","Medicago","sativa",NA,"Non-native",NA,NA,NA,"Medicago sativa NA"
8,28,7,"Phoebe","KPP",3,243,"R",3,"stm","small",1,"yellow","Asteraceae","Artemisia","frigida",NA,"Native",NA,NA,NA,"Artemisia frigida NA"
8,28,7,"Phoebe","KPP",3,243,"R",22,"infl","small",1,"purple","Fabaceae","Medicago","sativa",NA,"Non-native",NA,NA,NA,"Medicago sativa NA"
8,28,7,"Phoebe","KPP",4,313,"L",0,NA,NA,0,NA,NA,NA,NA,NA,NA,NA,NA,NA,"NA NA NA"
8,28,7,"Phoebe","KPP",5,411,"L",26,"infl","small",1,"purple","Fabaceae","Medicago","sativa",NA,"Non-native",NA,NA,NA,"Medicago sativa NA"
8,28,7,"Phoebe","FLT",1,17,"R",33,"infl","medium",1,"pink","Fabaceae","Trifolium","hybridum",NA,"Non-native",NA,NA,NA,"Trifolium hybridum NA"
8,28,7,"Phoebe","FLT",2,121,"L",3,"infl","small",1,"pink","Fabaceae","Trifolium","hybridum",NA,"Non-native",NA,NA,NA,"Trifolium hybridum NA"
8,28,7,"Phoebe","FLT",2,121,"L",2,"flr","small",1,"purple","Onagraceae","Epilobium","ciliatum",NA,"Native","Y",NA,NA,"Epilobium ciliatum NA"
8,28,7,"Phoebe","FLT",3,280,"L",3,"infl","medium",1,"pink","Fabaceae","Trifolium","hybridum",NA,"Non-native",NA,NA,NA,"Trifolium hybridum NA"
8,28,7,"Phoebe","FLT",3,280,"L",16,"head","medium",1,"purple","Asteraceae","Canadanthus","modestus",NA,"Native",NA,NA,NA,"Canadanthus modestus NA"
8,28,7,"Phoebe","FLT",3,280,"L",2,"infl","medium",1,"yellow","Asteraceae","Solidago","lepida",NA,"Native",NA,NA,NA,"Solidago lepida NA"
8,28,7,"Phoebe","FLT",4,300,"R",2,"head","small",1,"purple","Asteraceae","Canadanthus","modestus",NA,"Native",NA,NA,NA,"Canadanthus modestus NA"
8,28,7,"Phoebe","FLT",5,421,"L",1,"infl","medium",1,"pink","Fabaceae","Trifolium","hybridum",NA,"Non-native",NA,NA,NA,"Trifolium hybridum NA"
8,31,8,"Erez","CCM",1,70,"R",1,"head","medium",1,"blue","Asteraceae","Cichorium","intybus",NA,"Non-native",NA,NA,NA,"Cichorium intybus NA"
8,31,8,"Erez","CCM",1,70,"R",2,"head","small",1,"yellow","Asteraceae","Crepis","https://www.inaturalist.org/observations/396774183",NA,"Non-native",NA,NA,"Both likely species (Crepis tectorum and C. capillaris) are non-native","Crepis https://www.inaturalist.org/observations/396774183 NA"
8,31,8,"Erez","CCM",1,70,"R",2,"head","small",1,"white","Asteraceae","Erigeron","https://www.inaturalist.org/observations/397276741",NA,NA,NA,NA,NA,"Erigeron https://www.inaturalist.org/observations/397276741 NA"
8,31,8,"Erez","CCM",2,183,"R",0,NA,NA,0,NA,NA,NA,NA,NA,NA,NA,NA,NA,"NA NA NA"
8,31,8,"Erez","CCM",3,264,"L",9,"infl","small",1,"white","Apiaceae","Daucus","carota",NA,"Non-native","Y",NA,NA,"Daucus carota NA"
8,31,8,"Erez","CCM",3,264,"L",3,"flr","small",1,"yellow","Asteraceae","Hypochaeris","radicata",NA,"Non-native","Y",NA,NA,"Hypochaeris radicata NA"
8,31,8,"Erez","CCM",4,315,"L",30,"infl","small",1,"white","Apiaceae","Daucus","carota",NA,"Non-native","Y",NA,NA,"Daucus carota NA"
8,31,8,"Erez","CCM",5,400,"R",0,NA,NA,0,NA,NA,NA,NA,NA,NA,NA,NA,NA,"NA NA NA"
8,31,8,"Erez","BGP",1,33,"R",3,"stm","small",1,"yellow","Asteraceae","Tanacetum","vulgare",NA,"Non-native",NA,NA,NA,"Tanacetum vulgare NA"
8,31,8,"Erez","BGP",2,131,"L",24,"stm","medium",3,"yellow","Asteraceae","Tanacetum","vulgare",NA,"Non-native",NA,NA,NA,"Tanacetum vulgare NA"
8,31,8,"Erez","BGP",3,253,"R",37,"stm","medium",2,"yellow","Asteraceae","Tanacetum","vulgare",NA,"Non-native",NA,NA,NA,"Tanacetum vulgare NA"
8,31,8,"Erez","BGP",4,333,"R",1,"flr","small",1,"yellow","Asteraceae","Hypochaeris","radicata",NA,"Non-native","Y",NA,NA,"Hypochaeris radicata NA"
8,31,8,"Erez","BGP",4,333,"R",1,"flr","small",1,"yellow","Hypericaceae","Hypericum","perforatum",NA,"Non-native",NA,NA,NA,"Hypericum perforatum NA"
8,31,8,"Erez","BGP",5,499,"L",1,"stm","small",1,"white","Asteraceae","Achillea","millefolium",NA,"Non-native","Y",NA,NA,"Achillea millefolium NA"
8,31,8,"Erez","GBH",1,95,"L",15,"infl","small",1,"white","Apiaceae","Daucus","carota",NA,"Non-native","Y",NA,NA,"Daucus carota NA"
8,31,8,"Erez","GBH",2,185,"R",3,"infl","small",1,"white","Apiaceae","Daucus","carota",NA,"Non-native","Y",NA,NA,"Daucus carota NA"
8,31,8,"Erez","GBH",2,185,"R",1,"stm","small",1,"yellow","Asteraceae","Tanacetum","vulgare",NA,"Non-native",NA,NA,NA,"Tanacetum vulgare NA"
8,31,8,"Erez","GBH",3,231,"L",2,"infl","small",1,"white","Apiaceae","Daucus","carota",NA,"Non-native","Y",NA,NA,"Daucus carota NA"
8,31,8,"Erez","GBH",4,396,"R",1,"stm","small",1,"yellow","Asteraceae","Tanacetum","vulgare",NA,"Non-native",NA,NA,NA,"Tanacetum vulgare NA"
8,31,8,"Erez","GBH",5,407,"L",0,NA,NA,0,NA,NA,NA,NA,NA,NA,NA,NA,NA,"NA NA NA"
9,1,8,"Erez","CHP",1,84,"L",0,NA,NA,0,NA,NA,NA,NA,NA,NA,NA,NA,NA,"NA NA NA"
9,1,8,"Erez","CHP",2,151,"L",0,NA,NA,0,NA,NA,NA,NA,NA,NA,NA,NA,NA,"NA NA NA"
9,1,8,"Erez","CHP",3,265,"R",0,NA,NA,0,NA,NA,NA,NA,NA,NA,NA,NA,NA,"NA NA NA"
9,1,8,"Erez","CHP",4,364,"L",0,NA,NA,0,NA,NA,NA,NA,NA,NA,NA,NA,NA,"NA NA NA"
9,1,8,"Erez","CHP",5,440,"L",0,NA,NA,0,NA,NA,NA,NA,NA,NA,NA,NA,NA,"NA NA NA"
9,1,8,"Erez","HRP",1,83,"L",0,NA,NA,0,NA,NA,NA,NA,NA,NA,NA,NA,"Cyclamens were not in quadrats","NA NA NA"
9,1,8,"Erez","HRP",1,200,"L",0,NA,NA,0,NA,NA,NA,NA,NA,NA,NA,NA,NA,"NA NA NA"
9,1,8,"Erez","HRP",1,274,"R",0,NA,NA,0,NA,NA,NA,NA,NA,NA,NA,NA,NA,"NA NA NA"
9,1,8,"Erez","HRP",1,386,"L",0,NA,NA,0,NA,NA,NA,NA,NA,NA,NA,NA,NA,"NA NA NA"
9,1,8,"Erez","HRP",1,499,"L",0,NA,NA,0,NA,NA,NA,NA,NA,NA,NA,NA,NA,"NA NA NA"
9,1,8,"Erez","BHT",1,15,"R",4,"head","small",1,"yellow","Asteraceae","Hypochaeris","radicata",NA,"Non-native","Y",NA,NA,"Hypochaeris radicata NA"
9,1,8,"Erez","BHT",2,188,"L",0,NA,NA,0,NA,NA,NA,NA,NA,NA,NA,NA,NA,"NA NA NA"
9,1,8,"Erez","BHT",3,223,"L",0,NA,NA,0,NA,NA,NA,NA,NA,NA,NA,NA,NA,"NA NA NA"
9,1,8,"Erez","BHT",4,364,"R",2,"head","small",1,"yellow","Asteraceae","Hypochaeris","radicata",NA,"Non-native","Y",NA,NA,"Hypochaeris radicata NA"
9,1,8,"Erez","BHT",5,430,"R",2,"head","small",1,"yellow","Asteraceae","Hypochaeris","radicata",NA,"Non-native","Y",NA,NA,"Hypochaeris radicata NA"
9,1,8,"Erez","RBG",1,92,"R",0,NA,NA,0,NA,NA,NA,NA,NA,NA,NA,NA,NA,"NA NA NA"
9,1,8,"Erez","RBG",2,188,"R",8,"head","medium",1,"pink","Fabaceae","Lathyrus","latifolius",NA,"Non-native",NA,NA,NA,"Lathyrus latifolius NA"
9,1,8,"Erez","RBG",3,243,"L",20,"infl","small",1,"yellow","Fabaceae","Lotus","corniculatus",NA,"Non-native",NA,NA,NA,"Lotus corniculatus NA"
9,1,8,"Erez","RBG",3,243,"L",5,"infl","small",1,"yellow","Fabaceae","Medicago","lupulina",NA,"Non-native",NA,NA,NA,"Medicago lupulina NA"
9,1,8,"Erez","RBG",3,243,"L",1,"head","small",2,"purple","Asteraceae","Tragopogon","porrifolius",NA,"Non-native",NA,NA,NA,"Tragopogon porrifolius NA"
9,1,8,"Erez","RBG",4,314,"R",0,NA,NA,0,NA,NA,NA,NA,NA,NA,NA,NA,NA,"NA NA NA"
9,1,8,"Erez","RBG",5,485,"R",0,NA,NA,0,NA,NA,NA,NA,NA,NA,NA,NA,NA,"NA NA NA"
NA,3,8,NA,"PBM",1,79,"R",0,NA,NA,0,NA,NA,NA,NA,NA,NA,NA,NA,NA,"NA NA NA"
NA,3,8,NA,"PBM",2,108,"R",2,"head","medium",1,"white","Asteraceae","Tripleurospermum","inodorum",NA,"Non-native","Y",NA,NA,"Tripleurospermum inodorum NA"
NA,3,8,NA,"PBM",2,108,"R",6,"infl","small",1,"white","Brassicaceae","Small white","mustard",NA,NA,NA,NA,NA,"Small white mustard"
NA,3,8,NA,"PBM",3,224,"R",2,"head","medium",1,"white","Asteraceae","Tripleurospermum","inodorum",NA,"Non-native","Y",NA,NA,"Tripleurospermum inodorum NA"
NA,3,8,NA,"PBM",4,301,"L",5,"head","medium",1,"purple","Asteraceae","Centaurea","stoebe",NA,"Non-native",NA,NA,NA,"Centaurea stoebe NA"
NA,3,8,NA,"PBM",5,423,"L",2,"head","small",1,"purple","Asteraceae","Cirsium","arvense",NA,"Non-native","Y",NA,NA,"Cirsium arvense NA"
NA,3,8,NA,"PBM",5,423,"L",3,"flr","small",1,"pink","Onagraceae","Chamaenerion","angustifolium",NA,"Native","Y",NA,NA,"Chamaenerion angustifolium NA"
NA,3,8,NA,"JMS",1,90,"L",4,"flr","small",1,"white","Caryophyllaceae","Silene","vulgaris",NA,"Non-native",NA,NA,NA,"Silene vulgaris NA"
NA,3,8,NA,"JMS",2,125,"R",24,"head","small",1,"white","Asteraceae","Centaurea","diffusa",NA,"Non-native",NA,NA,NA,"Centaurea diffusa NA"
NA,3,8,NA,"JMS",3,254,"R",25,"head","small",2,"white","Asteraceae","Centaurea","diffusa",NA,"Non-native",NA,NA,NA,"Centaurea diffusa NA"
NA,3,8,NA,"JMS",4,390,"L",0,NA,NA,0,NA,NA,NA,NA,NA,NA,NA,NA,NA,"NA NA NA"
NA,3,8,NA,"JMS",5,400,"R",2,"head","medium",1,"yellow","Asteraceae","Grindelia","squarrosa",NA,"Native",NA,NA,NA,"Grindelia squarrosa NA"
NA,3,8,NA,"PML",1,35,"L",0,NA,NA,0,NA,NA,NA,NA,NA,NA,NA,NA,NA,"NA NA NA"
NA,3,8,NA,"PML",2,131,"L",68,"infl","small",2,"purple","Fabaceae","Medicago","sativa",NA,"Non-native",NA,NA,NA,"Medicago sativa NA"
NA,3,8,NA,"PML",3,229,"R",10,"infl","small",1,"purple","Fabaceae","Medicago","sativa",NA,"Non-native",NA,NA,NA,"Medicago sativa NA"
NA,3,8,NA,"PML",4,380,"R",51,"infl","small",1,"purple","Fabaceae","Medicago","sativa",NA,"Non-native",NA,NA,NA,"Medicago sativa NA"
NA,3,8,NA,"PML",4,380,"R",54,"infl","small",1,"white","Fabaceae","Melilotus","albus",NA,"Non-native",NA,NA,NA,"Melilotus albus NA"
NA,3,8,NA,"PML",5,460,"R",0,NA,NA,0,NA,NA,NA,NA,NA,NA,NA,NA,NA,"NA NA NA"
NA,3,8,NA,"FLT",1,33,"L",8,"infl","small",1,"pink","Fabaceae","Trifolium","hybridum",NA,"Non-native",NA,NA,NA,"Trifolium hybridum NA"
NA,3,8,NA,"FLT",2,151,"L",0,NA,NA,0,NA,NA,NA,NA,NA,NA,NA,NA,NA,"NA NA NA"
NA,3,8,NA,"FLT",3,276,"R",2,"stm","large",1,"yellow","Asteraceae","Solidago","lepida",NA,"Native",NA,NA,NA,"Solidago lepida NA"
NA,3,8,NA,"FLT",4,391,"R",1,"stm","large",1,"yellow","Asteraceae","Solidago","lepida",NA,"Native",NA,NA,NA,"Solidago lepida NA"
NA,3,8,NA,"FLT",4,391,"R",2,"head","small",1,"purple","Asteraceae","Canadanthus","modestus",NA,"Native",NA,NA,NA,"Canadanthus modestus NA"
NA,3,8,NA,"FLT",5,463,"L",1,"infl","medium",1,"red","Orobanchaceae","Castilleja","hispida",NA,"Native",NA,NA,NA,"Castilleja hispida NA"
NA,3,8,NA,"FLT",5,463,"L",15,"flr","small",1,"purple","tiny","purple","flower",NA,NA,NA,NA,NA,"purple flower NA"
NA,6,9,NA,"PSP",1,76,"L",1,"flr","small",1,"yellow","Ranunculaceae","Ranunculus","repens",NA,"Non-native","Y",NA,NA,"Ranunculus repens NA"
NA,6,9,NA,"PSP",2,163,"L",1,"head","small",1,"purple","Asteraceae","Cirsium","arvense",NA,"Non-native","Y",NA,NA,"Cirsium arvense NA"
NA,6,9,NA,"PSP",3,261,"L",0,NA,NA,0,NA,NA,NA,NA,NA,NA,NA,NA,NA,"NA NA NA"
NA,6,9,NA,"PSP",4,386,"L",3,"head","small",1,"yellow","Asteraceae","Hypochaeris","radicata",NA,"Non-native","Y",NA,NA,"Hypochaeris radicata NA"
NA,6,9,NA,"PSP",5,460,"L",0,NA,NA,0,NA,NA,NA,NA,NA,NA,NA,NA,NA,"NA NA NA"
NA,NA,NA,NA,NA,NA,NA,NA,NA,NA,NA,NA,NA,NA,NA,NA,NA,NA,NA,NA,NA,NA
NA,NA,NA,NA,NA,NA,NA,NA,NA,NA,NA,NA,NA,NA,NA,NA,NA,NA,NA,NA,NA,NA
NA,NA,NA,NA,NA,NA,NA,NA,NA,NA,NA,NA,NA,NA,NA,NA,NA,NA,NA,NA,NA,NA
NA,NA,NA,NA,NA,NA,NA,NA,NA,NA,NA,NA,NA,NA,NA,NA,NA,NA,NA,NA,NA,NA
NA,NA,NA,NA,NA,NA,NA,NA,NA,NA,NA,NA,NA,NA,NA,NA,NA,NA,NA,NA,NA,NA
NA,NA,NA,NA,NA,NA,NA,NA,NA,NA,NA,NA,NA,NA,NA,NA,NA,NA,NA,NA,NA,NA
NA,NA,NA,NA,NA,NA,NA,NA,NA,NA,NA,NA,NA,NA,NA,NA,NA,NA,NA,NA,NA,NA
NA,NA,NA,NA,NA,NA,NA,NA,NA,NA,NA,NA,NA,NA,NA,NA,NA,NA,NA,NA,NA,NA
NA,NA,NA,NA,NA,NA,NA,NA,NA,NA,NA,NA,NA,NA,NA,NA,NA,NA,NA,NA,NA,NA
NA,NA,NA,NA,NA,NA,NA,NA,NA,NA,NA,NA,NA,NA,NA,NA,NA,NA,NA,NA,NA,NA
NA,NA,NA,NA,NA,NA,NA,NA,NA,NA,NA,NA,NA,NA,NA,NA,NA,NA,NA,NA,NA,NA
NA,NA,NA,NA,NA,NA,NA,NA,NA,NA,NA,NA,NA,NA,NA,NA,NA,NA,NA,NA,NA,NA
NA,NA,NA,NA,NA,NA,NA,NA,NA,NA,NA,NA,NA,NA,NA,NA,NA,NA,NA,NA,NA,NA
NA,NA,NA,NA,NA,NA,NA,NA,NA,NA,NA,NA,NA,NA,NA,NA,NA,NA,NA,NA,NA,NA
NA,NA,NA,NA,NA,NA,NA,NA,NA,NA,NA,NA,NA,NA,NA,NA,NA,NA,NA,NA,NA,NA
NA,NA,NA,NA,NA,NA,NA,NA,NA,NA,NA,NA,NA,NA,NA,NA,NA,NA,NA,NA,NA,NA
NA,NA,NA,NA,NA,NA,NA,NA,NA,NA,NA,NA,NA,NA,NA,NA,NA,NA,NA,NA,NA,NA
NA,NA,NA,NA,NA,NA,NA,NA,NA,NA,NA,NA,NA,NA,NA,NA,NA,NA,NA,NA,NA,NA
NA,NA,NA,NA,NA,NA,NA,NA,NA,NA,NA,NA,NA,NA,NA,NA,NA,NA,NA,NA,NA,NA
NA,NA,NA,NA,NA,NA,NA,NA,NA,NA,NA,NA,NA,NA,NA,NA,NA,NA,NA,NA,NA,NA
NA,NA,NA,NA,NA,NA,NA,NA,NA,NA,NA,NA,NA,NA,NA,NA,NA,NA,NA,NA,NA,NA
NA,NA,NA,NA,NA,NA,NA,NA,NA,NA,NA,NA,NA,NA,NA,NA,NA,NA,NA,NA,NA,NA
NA,NA,NA,NA,NA,NA,NA,NA,NA,NA,NA,NA,NA,NA,NA,NA,NA,NA,NA,NA,NA,NA
NA,NA,NA,NA,NA,NA,NA,NA,NA,NA,NA,NA,NA,NA,NA,NA,NA,NA,NA,NA,NA,NA
NA,NA,NA,NA,NA,NA,NA,NA,NA,NA,NA,NA,NA,NA,NA,NA,NA,NA,NA,NA,NA,NA
NA,NA,NA,NA,NA,NA,NA,NA,NA,NA,NA,NA,NA,NA,NA,NA,NA,NA,NA,NA,NA,NA
NA,NA,NA,NA,NA,NA,NA,NA,NA,NA,NA,NA,NA,NA,NA,NA,NA,NA,NA,NA,NA,NA
NA,NA,NA,NA,NA,NA,NA,NA,NA,NA,NA,NA,NA,NA,NA,NA,NA,NA,NA,NA,NA,NA
NA,NA,NA,NA,NA,NA,NA,NA,NA,NA,NA,NA,NA,NA,NA,NA,NA,NA,NA,NA,NA,NA
NA,NA,NA,NA,NA,NA,NA,NA,NA,NA,NA,NA,NA,NA,NA,NA,NA,NA,NA,NA,NA,NA
NA,NA,NA,NA,NA,NA,NA,NA,NA,NA,NA,NA,NA,NA,NA,NA,NA,NA,NA,NA,NA,NA
NA,NA,NA,NA,NA,NA,NA,NA,NA,NA,NA,NA,NA,NA,NA,NA,NA,NA,NA,NA,NA,NA
NA,NA,NA,NA,NA,NA,NA,NA,NA,NA,NA,NA,NA,NA,NA,NA,NA,NA,NA,NA,NA,NA
NA,NA,NA,NA,NA,NA,NA,NA,NA,NA,NA,NA,NA,NA,NA,NA,NA,NA,NA,NA,NA,NA
NA,NA,NA,NA,NA,NA,NA,NA,NA,NA,NA,NA,NA,NA,NA,NA,NA,NA,NA,NA,NA,NA
NA,NA,NA,NA,NA,NA,NA,NA,NA,NA,NA,NA,NA,NA,NA,NA,NA,NA,NA,NA,NA,NA
NA,NA,NA,NA,NA,NA,NA,NA,NA,NA,NA,NA,NA,NA,NA,NA,NA,NA,NA,NA,NA,NA
NA,NA,NA,NA,NA,NA,NA,NA,NA,NA,NA,NA,NA,NA,NA,NA,NA,NA,NA,NA,NA,NA
NA,NA,NA,NA,NA,NA,NA,NA,NA,NA,NA,NA,NA,NA,NA,NA,NA,NA,NA,NA,NA,NA
NA,NA,NA,NA,NA,NA,NA,NA,NA,NA,NA,NA,NA,NA,NA,NA,NA,NA,NA,NA,NA,NA
NA,NA,NA,NA,NA,NA,NA,NA,NA,NA,NA,NA,NA,NA,NA,NA,NA,NA,NA,NA,NA,NA
NA,NA,NA,NA,NA,NA,NA,NA,NA,NA,NA,NA,NA,NA,NA,NA,NA,NA,NA,NA,NA,NA
NA,NA,NA,NA,NA,NA,NA,NA,NA,NA,NA,NA,NA,NA,NA,NA,NA,NA,NA,NA,NA,NA
NA,NA,NA,NA,NA,NA,NA,NA,NA,NA,NA,NA,NA,NA,NA,NA,NA,NA,NA,NA,NA,NA
NA,NA,NA,NA,NA,NA,NA,NA,NA,NA,NA,NA,NA,NA,NA,NA,NA,NA,NA,NA,NA,NA
NA,NA,NA,NA,NA,NA,NA,NA,NA,NA,NA,NA,NA,NA,NA,NA,NA,NA,NA,NA,NA,NA
NA,NA,NA,NA,NA,NA,NA,NA,NA,NA,NA,NA,NA,NA,NA,NA,NA,NA,NA,NA,NA,NA
NA,NA,NA,NA,NA,NA,NA,NA,NA,NA,NA,NA,NA,NA,NA,NA,NA,NA,NA,NA,NA,NA
NA,NA,NA,NA,NA,NA,NA,NA,NA,NA,NA,NA,NA,NA,NA,NA,NA,NA,NA,NA,NA,NA
NA,NA,NA,NA,NA,NA,NA,NA,NA,NA,NA,NA,NA,NA,NA,NA,NA,NA,NA,NA,NA,NA
NA,NA,NA,NA,NA,NA,NA,NA,NA,NA,NA,NA,NA,NA,NA,NA,NA,NA,NA,NA,NA,NA
NA,NA,NA,NA,NA,NA,NA,NA,NA,NA,NA,NA,NA,NA,NA,NA,NA,NA,NA,NA,NA,NA
NA,NA,NA,NA,NA,NA,NA,NA,NA,NA,NA,NA,NA,NA,NA,NA,NA,NA,NA,NA,NA,NA
NA,NA,NA,NA,NA,NA,NA,NA,NA,NA,NA,NA,NA,NA,NA,NA,NA,NA,NA,NA,NA,NA
NA,NA,NA,NA,NA,NA,NA,NA,NA,NA,NA,NA,NA,NA,NA,NA,NA,NA,NA,NA,NA,NA
NA,NA,NA,NA,NA,NA,NA,NA,NA,NA,NA,NA,NA,NA,NA,NA,NA,NA,NA,NA,NA,NA
NA,NA,NA,NA,NA,NA,NA,NA,NA,NA,NA,NA,NA,NA,NA,NA,NA,NA,NA,NA,NA,NA
NA,NA,NA,NA,NA,NA,NA,NA,NA,NA,NA,NA,NA,NA,NA,NA,NA,NA,NA,NA,NA,NA
NA,NA,NA,NA,NA,NA,NA,NA,NA,NA,NA,NA,NA,NA,NA,NA,NA,NA,NA,NA,NA,NA
NA,NA,NA,NA,NA,NA,NA,NA,NA,NA,NA,NA,NA,NA,NA,NA,NA,NA,NA,NA,NA,NA
NA,NA,NA,NA,NA,NA,NA,NA,NA,NA,NA,NA,NA,NA,NA,NA,NA,NA,NA,NA,NA,NA
NA,NA,NA,NA,NA,NA,NA,NA,NA,NA,NA,NA,NA,NA,NA,NA,NA,NA,NA,NA,NA,NA
NA,NA,NA,NA,NA,NA,NA,NA,NA,NA,NA,NA,NA,NA,NA,NA,NA,NA,NA,NA,NA,NA
NA,NA,NA,NA,NA,NA,NA,NA,NA,NA,NA,NA,NA,NA,NA,NA,NA,NA,NA,NA,NA,NA
NA,NA,NA,NA,NA,NA,NA,NA,NA,NA,NA,NA,NA,NA,NA,NA,NA,NA,NA,NA,NA,NA
NA,NA,NA,NA,NA,NA,NA,NA,NA,NA,NA,NA,NA,NA,NA,NA,NA,NA,NA,NA,NA,NA
NA,NA,NA,NA,NA,NA,NA,NA,NA,NA,NA,NA,NA,NA,NA,NA,NA,NA,NA,NA,NA,NA
NA,NA,NA,NA,NA,NA,NA,NA,NA,NA,NA,NA,NA,NA,NA,NA,NA,NA,NA,NA,NA,NA
NA,NA,NA,NA,NA,NA,NA,NA,NA,NA,NA,NA,NA,NA,NA,NA,NA,NA,NA,NA,NA,NA
NA,NA,NA,NA,NA,NA,NA,NA,NA,NA,NA,NA,NA,NA,NA,NA,NA,NA,NA,NA,NA,NA
NA,NA,NA,NA,NA,NA,NA,NA,NA,NA,NA,NA,NA,NA,NA,NA,NA,NA,NA,NA,NA,NA
NA,NA,NA,NA,NA,NA,NA,NA,NA,NA,NA,NA,NA,NA,NA,NA,NA,NA,NA,NA,NA,NA
NA,NA,NA,NA,NA,NA,NA,NA,NA,NA,NA,NA,NA,NA,NA,NA,NA,NA,NA,NA,NA,NA
NA,NA,NA,NA,NA,NA,NA,NA,NA,NA,NA,NA,NA,NA,NA,NA,NA,NA,NA,NA,NA,NA
NA,NA,NA,NA,NA,NA,NA,NA,NA,NA,NA,NA,NA,NA,NA,NA,NA,NA,NA,NA,NA,NA
NA,NA,NA,NA,NA,NA,NA,NA,NA,NA,NA,NA,NA,NA,NA,NA,NA,NA,NA,NA,NA,NA
NA,NA,NA,NA,NA,NA,NA,NA,NA,NA,NA,NA,NA,NA,NA,NA,NA,NA,NA,NA,NA,NA
NA,NA,NA,NA,NA,NA,NA,NA,NA,NA,NA,NA,NA,NA,NA,NA,NA,NA,NA,NA,NA,NA
NA,NA,NA,NA,NA,NA,NA,NA,NA,NA,NA,NA,NA,NA,NA,NA,NA,NA,NA,NA,NA,NA
NA,NA,NA,NA,NA,NA,NA,NA,NA,NA,NA,NA,NA,NA,NA,NA,NA,NA,NA,NA,NA,NA
NA,NA,NA,NA,NA,NA,NA,NA,NA,NA,NA,NA,NA,NA,NA,NA,NA,NA,NA,NA,NA,NA
NA,NA,NA,NA,NA,NA,NA,NA,NA,NA,NA,NA,NA,NA,NA,NA,NA,NA,NA,NA,NA,NA
NA,NA,NA,NA,NA,NA,NA,NA,NA,NA,NA,NA,NA,NA,NA,NA,NA,NA,NA,NA,NA,NA
NA,NA,NA,NA,NA,NA,NA,NA,NA,NA,NA,NA,NA,NA,NA,NA,NA,NA,NA,NA,NA,NA
NA,NA,NA,NA,NA,NA,NA,NA,NA,NA,NA,NA,NA,NA,NA,NA,NA,NA,NA,NA,NA,NA
NA,NA,NA,NA,NA,NA,NA,NA,NA,NA,NA,NA,NA,NA,NA,NA,NA,NA,NA,NA,NA,NA
NA,NA,NA,NA,NA,NA,NA,NA,NA,NA,NA,NA,NA,NA,NA,NA,NA,NA,NA,NA,NA,NA
NA,NA,NA,NA,NA,NA,NA,NA,NA,NA,NA,NA,NA,NA,NA,NA,NA,NA,NA,NA,NA,NA
NA,NA,NA,NA,NA,NA,NA,NA,NA,NA,NA,NA,NA,NA,NA,NA,NA,NA,NA,NA,NA,NA
NA,NA,NA,NA,NA,NA,NA,NA,NA,NA,NA,NA,NA,NA,NA,NA,NA,NA,NA,NA,NA,NA
NA,NA,NA,NA,NA,NA,NA,NA,NA,NA,NA,NA,NA,NA,NA,NA,NA,NA,NA,NA,NA,NA
NA,NA,NA,NA,NA,NA,NA,NA,NA,NA,NA,NA,NA,NA,NA,NA,NA,NA,NA,NA,NA,NA
NA,NA,NA,NA,NA,NA,NA,NA,NA,NA,NA,NA,NA,NA,NA,NA,NA,NA,NA,NA,NA,NA
NA,NA,NA,NA,NA,NA,NA,NA,NA,NA,NA,NA,NA,NA,NA,NA,NA,NA,NA,NA,NA,NA
NA,NA,NA,NA,NA,NA,NA,NA,NA,NA,NA,NA,NA,NA,NA,NA,NA,NA,NA,NA,NA,NA
NA,NA,NA,NA,NA,NA,NA,NA,NA,NA,NA,NA,NA,NA,NA,NA,NA,NA,NA,NA,NA,NA
NA,NA,NA,NA,NA,NA,NA,NA,NA,NA,NA,NA,NA,NA,NA,NA,NA,NA,NA,NA,NA,NA
NA,NA,NA,NA,NA,NA,NA,NA,NA,NA,NA,NA,NA,NA,NA,NA,NA,NA,NA,NA,NA,NA
NA,NA,NA,NA,NA,NA,NA,NA,NA,NA,NA,NA,NA,NA,NA,NA,NA,NA,NA,NA,NA,NA
NA,NA,NA,NA,NA,NA,NA,NA,NA,NA,NA,NA,NA,NA,NA,NA,NA,NA,NA,NA,NA,NA
NA,NA,NA,NA,NA,NA,NA,NA,NA,NA,NA,NA,NA,NA,NA,NA,NA,NA,NA,NA,NA,NA
NA,NA,NA,NA,NA,NA,NA,NA,NA,NA,NA,NA,NA,NA,NA,NA,NA,NA,NA,NA,NA,NA
NA,NA,NA,NA,NA,NA,NA,NA,NA,NA,NA,NA,NA,NA,NA,NA,NA,NA,NA,NA,NA,NA
NA,NA,NA,NA,NA,NA,NA,NA,NA,NA,NA,NA,NA,NA,NA,NA,NA,NA,NA,NA,NA,NA
NA,NA,NA,NA,NA,NA,NA,NA,NA,NA,NA,NA,NA,NA,NA,NA,NA,NA,NA,NA,NA,NA
NA,NA,NA,NA,NA,NA,NA,NA,NA,NA,NA,NA,NA,NA,NA,NA,NA,NA,NA,NA,NA,NA
NA,NA,NA,NA,NA,NA,NA,NA,NA,NA,NA,NA,NA,NA,NA,NA,NA,NA,NA,NA,NA,NA
NA,NA,NA,NA,NA,NA,NA,NA,NA,NA,NA,NA,NA,NA,NA,NA,NA,NA,NA,NA,NA,NA
NA,NA,NA,NA,NA,NA,NA,NA,NA,NA,NA,NA,NA,NA,NA,NA,NA,NA,NA,NA,NA,NA
NA,NA,NA,NA,NA,NA,NA,NA,NA,NA,NA,NA,NA,NA,NA,NA,NA,NA,NA,NA,NA,NA
NA,NA,NA,NA,NA,NA,NA,NA,NA,NA,NA,NA,NA,NA,NA,NA,NA,NA,NA,NA,NA,NA
NA,NA,NA,NA,NA,NA,NA,NA,NA,NA,NA,NA,NA,NA,NA,NA,NA,NA,NA,NA,NA,NA
NA,NA,NA,NA,NA,NA,NA,NA,NA,NA,NA,NA,NA,NA,NA,NA,NA,NA,NA,NA,NA,NA
NA,NA,NA,NA,NA,NA,NA,NA,NA,NA,NA,NA,NA,NA,NA,NA,NA,NA,NA,NA,NA,NA
NA,NA,NA,NA,NA,NA,NA,NA,NA,NA,NA,NA,NA,NA,NA,NA,NA,NA,NA,NA,NA,NA
NA,NA,NA,NA,NA,NA,NA,NA,NA,NA,NA,NA,NA,NA,NA,NA,NA,NA,NA,NA,NA,NA
NA,NA,NA,NA,NA,NA,NA,NA,NA,NA,NA,NA,NA,NA,NA,NA,NA,NA,NA,NA,NA,NA
NA,NA,NA,NA,NA,NA,NA,NA,NA,NA,NA,NA,NA,NA,NA,NA,NA,NA,NA,NA,NA,NA
NA,NA,NA,NA,NA,NA,NA,NA,NA,NA,NA,NA,NA,NA,NA,NA,NA,NA,NA,NA,NA,NA
NA,NA,NA,NA,NA,NA,NA,NA,NA,NA,NA,NA,NA,NA,NA,NA,NA,NA,NA,NA,NA,NA
NA,NA,NA,NA,NA,NA,NA,NA,NA,NA,NA,NA,NA,NA,NA,NA,NA,NA,NA,NA,NA,NA
NA,NA,NA,NA,NA,NA,NA,NA,NA,NA,NA,NA,NA,NA,NA,NA,NA,NA,NA,NA,NA,NA
NA,NA,NA,NA,NA,NA,NA,NA,NA,NA,NA,NA,NA,NA,NA,NA,NA,NA,NA,NA,NA,NA
NA,NA,NA,NA,NA,NA,NA,NA,NA,NA,NA,NA,NA,NA,NA,NA,NA,NA,NA,NA,NA,NA
NA,NA,NA,NA,NA,NA,NA,NA,NA,NA,NA,NA,NA,NA,NA,NA,NA,NA,NA,NA,NA,NA
NA,NA,NA,NA,NA,NA,NA,NA,NA,NA,NA,NA,NA,NA,NA,NA,NA,NA,NA,NA,NA,NA
NA,NA,NA,NA,NA,NA,NA,NA,NA,NA,NA,NA,NA,NA,NA,NA,NA,NA,NA,NA,NA,NA
NA,NA,NA,NA,NA,NA,NA,NA,NA,NA,NA,NA,NA,NA,NA,NA,NA,NA,NA,NA,NA,NA
NA,NA,NA,NA,NA,NA,NA,NA,NA,NA,NA,NA,NA,NA,NA,NA,NA,NA,NA,NA,NA,NA
NA,NA,NA,NA,NA,NA,NA,NA,NA,NA,NA,NA,NA,NA,NA,NA,NA,NA,NA,NA,NA,NA
NA,NA,NA,NA,NA,NA,NA,NA,NA,NA,NA,NA,NA,NA,NA,NA,NA,NA,NA,NA,NA,NA
NA,NA,NA,NA,NA,NA,NA,NA,NA,NA,NA,NA,NA,NA,NA,NA,NA,NA,NA,NA,NA,NA
NA,NA,NA,NA,NA,NA,NA,NA,NA,NA,NA,NA,NA,NA,NA,NA,NA,NA,NA,NA,NA,NA
NA,NA,NA,NA,NA,NA,NA,NA,NA,NA,NA,NA,NA,NA,NA,NA,NA,NA,NA,NA,NA,NA
NA,NA,NA,NA,NA,NA,NA,NA,NA,NA,NA,NA,NA,NA,NA,NA,NA,NA,NA,NA,NA,NA
NA,NA,NA,NA,NA,NA,NA,NA,NA,NA,NA,NA,NA,NA,NA,NA,NA,NA,NA,NA,NA,NA
NA,NA,NA,NA,NA,NA,NA,NA,NA,NA,NA,NA,NA,NA,NA,NA,NA,NA,NA,NA,NA,NA
NA,NA,NA,NA,NA,NA,NA,NA,NA,NA,NA,NA,NA,NA,NA,NA,NA,NA,NA,NA,NA,NA
NA,NA,NA,NA,NA,NA,NA,NA,NA,NA,NA,NA,NA,NA,NA,NA,NA,NA,NA,NA,NA,NA
NA,NA,NA,NA,NA,NA,NA,NA,NA,NA,NA,NA,NA,NA,NA,NA,NA,NA,NA,NA,NA,NA
NA,NA,NA,NA,NA,NA,NA,NA,NA,NA,NA,NA,NA,NA,NA,NA,NA,NA,NA,NA,NA,NA
NA,NA,NA,NA,NA,NA,NA,NA,NA,NA,NA,NA,NA,NA,NA,NA,NA,NA,NA,NA,NA,NA
NA,NA,NA,NA,NA,NA,NA,NA,NA,NA,NA,NA,NA,NA,NA,NA,NA,NA,NA,NA,NA,NA
NA,NA,NA,NA,NA,NA,NA,NA,NA,NA,NA,NA,NA,NA,NA,NA,NA,NA,NA,NA,NA,NA
NA,NA,NA,NA,NA,NA,NA,NA,NA,NA,NA,NA,NA,NA,NA,NA,NA,NA,NA,NA,NA,NA
NA,NA,NA,NA,NA,NA,NA,NA,NA,NA,NA,NA,NA,NA,NA,NA,NA,NA,NA,NA,NA,NA
NA,NA,NA,NA,NA,NA,NA,NA,NA,NA,NA,NA,NA,NA,NA,NA,NA,NA,NA,NA,NA,NA
NA,NA,NA,NA,NA,NA,NA,NA,NA,NA,NA,NA,NA,NA,NA,NA,NA,NA,NA,NA,NA,NA
NA,NA,NA,NA,NA,NA,NA,NA,NA,NA,NA,NA,NA,NA,NA,NA,NA,NA,NA,NA,NA,NA
NA,NA,NA,NA,NA,NA,NA,NA,NA,NA,NA,NA,NA,NA,NA,NA,NA,NA,NA,NA,NA,NA
NA,NA,NA,NA,NA,NA,NA,NA,NA,NA,NA,NA,NA,NA,NA,NA,NA,NA,NA,NA,NA,NA
NA,NA,NA,NA,NA,NA,NA,NA,NA,NA,NA,NA,NA,NA,NA,NA,NA,NA,NA,NA,NA,NA
NA,NA,NA,NA,NA,NA,NA,NA,NA,NA,NA,NA,NA,NA,NA,NA,NA,NA,NA,NA,NA,NA
NA,NA,NA,NA,NA,NA,NA,NA,NA,NA,NA,NA,NA,NA,NA,NA,NA,NA,NA,NA,NA,NA
NA,NA,NA,NA,NA,NA,NA,NA,NA,NA,NA,NA,NA,NA,NA,NA,NA,NA,NA,NA,NA,NA
NA,NA,NA,NA,NA,NA,NA,NA,NA,NA,NA,NA,NA,NA,NA,NA,NA,NA,NA,NA,NA,NA
NA,NA,NA,NA,NA,NA,NA,NA,NA,NA,NA,NA,NA,NA,NA,NA,NA,NA,NA,NA,NA,NA
NA,NA,NA,NA,NA,NA,NA,NA,NA,NA,NA,NA,NA,NA,NA,NA,NA,NA,NA,NA,NA,NA
NA,NA,NA,NA,NA,NA,NA,NA,NA,NA,NA,NA,NA,NA,NA,NA,NA,NA,NA,NA,NA,NA
NA,NA,NA,NA,NA,NA,NA,NA,NA,NA,NA,NA,NA,NA,NA,NA,NA,NA,NA,NA,NA,NA
NA,NA,NA,NA,NA,NA,NA,NA,NA,NA,NA,NA,NA,NA,NA,NA,NA,NA,NA,NA,NA,NA
NA,NA,NA,NA,NA,NA,NA,NA,NA,NA,NA,NA,NA,NA,NA,NA,NA,NA,NA,NA,NA,NA
NA,NA,NA,NA,NA,NA,NA,NA,NA,NA,NA,NA,NA,NA,NA,NA,NA,NA,NA,NA,NA,NA
NA,NA,NA,NA,NA,NA,NA,NA,NA,NA,NA,NA,NA,NA,NA,NA,NA,NA,NA,NA,NA,NA
NA,NA,NA,NA,NA,NA,NA,NA,NA,NA,NA,NA,NA,NA,NA,NA,NA,NA,NA,NA,NA,NA
NA,NA,NA,NA,NA,NA,NA,NA,NA,NA,NA,NA,NA,NA,NA,NA,NA,NA,NA,NA,NA,NA
NA,NA,NA,NA,NA,NA,NA,NA,NA,NA,NA,NA,NA,NA,NA,NA,NA,NA,NA,NA,NA,NA
NA,NA,NA,NA,NA,NA,NA,NA,NA,NA,NA,NA,NA,NA,NA,NA,NA,NA,NA,NA,NA,NA
NA,NA,NA,NA,NA,NA,NA,NA,NA,NA,NA,NA,NA,NA,NA,NA,NA,NA,NA,NA,NA,NA
NA,NA,NA,NA,NA,NA,NA,NA,NA,NA,NA,NA,NA,NA,NA,NA,NA,NA,NA,NA,NA,NA
NA,NA,NA,NA,NA,NA,NA,NA,NA,NA,NA,NA,NA,NA,NA,NA,NA,NA,NA,NA,NA,NA
NA,NA,NA,NA,NA,NA,NA,NA,NA,NA,NA,NA,NA,NA,NA,NA,NA,NA,NA,NA,NA,NA
NA,NA,NA,NA,NA,NA,NA,NA,NA,NA,NA,NA,NA,NA,NA,NA,NA,NA,NA,NA,NA,NA
NA,NA,NA,NA,NA,NA,NA,NA,NA,NA,NA,NA,NA,NA,NA,NA,NA,NA,NA,NA,NA,NA
NA,NA,NA,NA,NA,NA,NA,NA,NA,NA,NA,NA,NA,NA,NA,NA,NA,NA,NA,NA,NA,NA
NA,NA,NA,NA,NA,NA,NA,NA,NA,NA,NA,NA,NA,NA,NA,NA,NA,NA,NA,NA,NA,NA
NA,NA,NA,NA,NA,NA,NA,NA,NA,NA,NA,NA,NA,NA,NA,NA,NA,NA,NA,NA,NA,NA
NA,NA,NA,NA,NA,NA,NA,NA,NA,NA,NA,NA,NA,NA,NA,NA,NA,NA,NA,NA,NA,NA
NA,NA,NA,NA,NA,NA,NA,NA,NA,NA,NA,NA,NA,NA,NA,NA,NA,NA,NA,NA,NA,NA
NA,NA,NA,NA,NA,NA,NA,NA,NA,NA,NA,NA,NA,NA,NA,NA,NA,NA,NA,NA,NA,NA
NA,NA,NA,NA,NA,NA,NA,NA,NA,NA,NA,NA,NA,NA,NA,NA,NA,NA,NA,NA,NA,NA
NA,NA,NA,NA,NA,NA,NA,NA,NA,NA,NA,NA,NA,NA,NA,NA,NA,NA,NA,NA,NA,NA
NA,NA,NA,NA,NA,NA,NA,NA,NA,NA,NA,NA,NA,NA,NA,NA,NA,NA,NA,NA,NA,NA
NA,NA,NA,NA,NA,NA,NA,NA,NA,NA,NA,NA,NA,NA,NA,NA,NA,NA,NA,NA,NA,NA
NA,NA,NA,NA,NA,NA,NA,NA,NA,NA,NA,NA,NA,NA,NA,NA,NA,NA,NA,NA,NA,NA
NA,NA,NA,NA,NA,NA,NA,NA,NA,NA,NA,NA,NA,NA,NA,NA,NA,NA,NA,NA,NA,NA
NA,NA,NA,NA,NA,NA,NA,NA,NA,NA,NA,NA,NA,NA,NA,NA,NA,NA,NA,NA,NA,NA
NA,NA,NA,NA,NA,NA,NA,NA,NA,NA,NA,NA,NA,NA,NA,NA,NA,NA,NA,NA,NA,NA
NA,NA,NA,NA,NA,NA,NA,NA,NA,NA,NA,NA,NA,NA,NA,NA,NA,NA,NA,NA,NA,NA
NA,NA,NA,NA,NA,NA,NA,NA,NA,NA,NA,NA,NA,NA,NA,NA,NA,NA,NA,NA,NA,NA
NA,NA,NA,NA,NA,NA,NA,NA,NA,NA,NA,NA,NA,NA,NA,NA,NA,NA,NA,NA,NA,NA
NA,NA,NA,NA,NA,NA,NA,NA,NA,NA,NA,NA,NA,NA,NA,NA,NA,NA,NA,NA,NA,NA
NA,NA,NA,NA,NA,NA,NA,NA,NA,NA,NA,NA,NA,NA,NA,NA,NA,NA,NA,NA,NA,NA
NA,NA,NA,NA,NA,NA,NA,NA,NA,NA,NA,NA,NA,NA,NA,NA,NA,NA,NA,NA,NA,NA
NA,NA,NA,NA,NA,NA,NA,NA,NA,NA,NA,NA,NA,NA,NA,NA,NA,NA,NA,NA,NA,NA
NA,NA,NA,NA,NA,NA,NA,NA,NA,NA,NA,NA,NA,NA,NA,NA,NA,NA,NA,NA,NA,NA
NA,NA,NA,NA,NA,NA,NA,NA,NA,NA,NA,NA,NA,NA,NA,NA,NA,NA,NA,NA,NA,NA
NA,NA,NA,NA,NA,NA,NA,NA,NA,NA,NA,NA,NA,NA,NA,NA,NA,NA,NA,NA,NA,NA
NA,NA,NA,NA,NA,NA,NA,NA,NA,NA,NA,NA,NA,NA,NA,NA,NA,NA,NA,NA,NA,NA
NA,NA,NA,NA,NA,NA,NA,NA,NA,NA,NA,NA,NA,NA,NA,NA,NA,NA,NA,NA,NA,NA
NA,NA,NA,NA,NA,NA,NA,NA,NA,NA,NA,NA,NA,NA,NA,NA,NA,NA,NA,NA,NA,NA
NA,NA,NA,NA,NA,NA,NA,NA,NA,NA,NA,NA,NA,NA,NA,NA,NA,NA,NA,NA,NA,NA
NA,NA,NA,NA,NA,NA,NA,NA,NA,NA,NA,NA,NA,NA,NA,NA,NA,NA,NA,NA,NA,NA
NA,NA,NA,NA,NA,NA,NA,NA,NA,NA,NA,NA,NA,NA,NA,NA,NA,NA,NA,NA,NA,NA
NA,NA,NA,NA,NA,NA,NA,NA,NA,NA,NA,NA,NA,NA,NA,NA,NA,NA,NA,NA,NA,NA
NA,NA,NA,NA,NA,NA,NA,NA,NA,NA,NA,NA,NA,NA,NA,NA,NA,NA,NA,NA,NA,NA
NA,NA,NA,NA,NA,NA,NA,NA,NA,NA,NA,NA,NA,NA,NA,NA,NA,NA,NA,NA,NA,NA
NA,NA,NA,NA,NA,NA,NA,NA,NA,NA,NA,NA,NA,NA,NA,NA,NA,NA,NA,NA,NA,NA
NA,NA,NA,NA,NA,NA,NA,NA,NA,NA,NA,NA,NA,NA,NA,NA,NA,NA,NA,NA,NA,NA
NA,NA,NA,NA,NA,NA,NA,NA,NA,NA,NA,NA,NA,NA,NA,NA,NA,NA,NA,NA,NA,NA
NA,NA,NA,NA,NA,NA,NA,NA,NA,NA,NA,NA,NA,NA,NA,NA,NA,NA,NA,NA,NA,NA
NA,NA,NA,NA,NA,NA,NA,NA,NA,NA,NA,NA,NA,NA,NA,NA,NA,NA,NA,NA,NA,NA
NA,NA,NA,NA,NA,NA,NA,NA,NA,NA,NA,NA,NA,NA,NA,NA,NA,NA,NA,NA,NA,NA
NA,NA,NA,NA,NA,NA,NA,NA,NA,NA,NA,NA,NA,NA,NA,NA,NA,NA,NA,NA,NA,NA
NA,NA,NA,NA,NA,NA,NA,NA,NA,NA,NA,NA,NA,NA,NA,NA,NA,NA,NA,NA,NA,NA
NA,NA,NA,NA,NA,NA,NA,NA,NA,NA,NA,NA,NA,NA,NA,NA,NA,NA,NA,NA,NA,NA
NA,NA,NA,NA,NA,NA,NA,NA,NA,NA,NA,NA,NA,NA,NA,NA,NA,NA,NA,NA,NA,NA
NA,NA,NA,NA,NA,NA,NA,NA,NA,NA,NA,NA,NA,NA,NA,NA,NA,NA,NA,NA,NA,NA
NA,NA,NA,NA,NA,NA,NA,NA,NA,NA,NA,NA,NA,NA,NA,NA,NA,NA,NA,NA,NA,NA
NA,NA,NA,NA,NA,NA,NA,NA,NA,NA,NA,NA,NA,NA,NA,NA,NA,NA,NA,NA,NA,NA
NA,NA,NA,NA,NA,NA,NA,NA,NA,NA,NA,NA,NA,NA,NA,NA,NA,NA,NA,NA,NA,NA
NA,NA,NA,NA,NA,NA,NA,NA,NA,NA,NA,NA,NA,NA,NA,NA,NA,NA,NA,NA,NA,NA
NA,NA,NA,NA,NA,NA,NA,NA,NA,NA,NA,NA,NA,NA,NA,NA,NA,NA,NA,NA,NA,NA
NA,NA,NA,NA,NA,NA,NA,NA,NA,NA,NA,NA,NA,NA,NA,NA,NA,NA,NA,NA,NA,NA
NA,NA,NA,NA,NA,NA,NA,NA,NA,NA,NA,NA,NA,NA,NA,NA,NA,NA,NA,NA,NA,NA
NA,NA,NA,NA,NA,NA,NA,NA,NA,NA,NA,NA,NA,NA,NA,NA,NA,NA,NA,NA,NA,NA
NA,NA,NA,NA,NA,NA,NA,NA,NA,NA,NA,NA,NA,NA,NA,NA,NA,NA,NA,NA,NA,NA
NA,NA,NA,NA,NA,NA,NA,NA,NA,NA,NA,NA,NA,NA,NA,NA,NA,NA,NA,NA,NA,NA
NA,NA,NA,NA,NA,NA,NA,NA,NA,NA,NA,NA,NA,NA,NA,NA,NA,NA,NA,NA,NA,NA
NA,NA,NA,NA,NA,NA,NA,NA,NA,NA,NA,NA,NA,NA,NA,NA,NA,NA,NA,NA,NA,NA
NA,NA,NA,NA,NA,NA,NA,NA,NA,NA,NA,NA,NA,NA,NA,NA,NA,NA,NA,NA,NA,NA
NA,NA,NA,NA,NA,NA,NA,NA,NA,NA,NA,NA,NA,NA,NA,NA,NA,NA,NA,NA,NA,NA
NA,NA,NA,NA,NA,NA,NA,NA,NA,NA,NA,NA,NA,NA,NA,NA,NA,NA,NA,NA,NA,NA
NA,NA,NA,NA,NA,NA,NA,NA,NA,NA,NA,NA,NA,NA,NA,NA,NA,NA,NA,NA,NA,NA
NA,NA,NA,NA,NA,NA,NA,NA,NA,NA,NA,NA,NA,NA,NA,NA,NA,NA,NA,NA,NA,NA
NA,NA,NA,NA,NA,NA,NA,NA,NA,NA,NA,NA,NA,NA,NA,NA,NA,NA,NA,NA,NA,NA
NA,NA,NA,NA,NA,NA,NA,NA,NA,NA,NA,NA,NA,NA,NA,NA,NA,NA,NA,NA,NA,NA
NA,NA,NA,NA,NA,NA,NA,NA,NA,NA,NA,NA,NA,NA,NA,NA,NA,NA,NA,NA,NA,NA
NA,NA,NA,NA,NA,NA,NA,NA,NA,NA,NA,NA,NA,NA,NA,NA,NA,NA,NA,NA,NA,NA
NA,NA,NA,NA,NA,NA,NA,NA,NA,NA,NA,NA,NA,NA,NA,NA,NA,NA,NA,NA,NA,NA
NA,NA,NA,NA,NA,NA,NA,NA,NA,NA,NA,NA,NA,NA,NA,NA,NA,NA,NA,NA,NA,NA
NA,NA,NA,NA,NA,NA,NA,NA,NA,NA,NA,NA,NA,NA,NA,NA,NA,NA,NA,NA,NA,NA
NA,NA,NA,NA,NA,NA,NA,NA,NA,NA,NA,NA,NA,NA,NA,NA,NA,NA,NA,NA,NA,NA
NA,NA,NA,NA,NA,NA,NA,NA,NA,NA,NA,NA,NA,NA,NA,NA,NA,NA,NA,NA,NA,NA
NA,NA,NA,NA,NA,NA,NA,NA,NA,NA,NA,NA,NA,NA,NA,NA,NA,NA,NA,NA,NA,NA
NA,NA,NA,NA,NA,NA,NA,NA,NA,NA,NA,NA,NA,NA,NA,NA,NA,NA,NA,NA,NA,NA
NA,NA,NA,NA,NA,NA,NA,NA,NA,NA,NA,NA,NA,NA,NA,NA,NA,NA,NA,NA,NA,NA
NA,NA,NA,NA,NA,NA,NA,NA,NA,NA,NA,NA,NA,NA,NA,NA,NA,NA,NA,NA,NA,NA
NA,NA,NA,NA,NA,NA,NA,NA,NA,NA,NA,NA,NA,NA,NA,NA,NA,NA,NA,NA,NA,NA
NA,NA,NA,NA,NA,NA,NA,NA,NA,NA,NA,NA,NA,NA,NA,NA,NA,NA,NA,NA,NA,NA
NA,NA,NA,NA,NA,NA,NA,NA,NA,NA,NA,NA,NA,NA,NA,NA,NA,NA,NA,NA,NA,NA
NA,NA,NA,NA,NA,NA,NA,NA,NA,NA,NA,NA,NA,NA,NA,NA,NA,NA,NA,NA,NA,NA
NA,NA,NA,NA,NA,NA,NA,NA,NA,NA,NA,NA,NA,NA,NA,NA,NA,NA,NA,NA,NA,NA
NA,NA,NA,NA,NA,NA,NA,NA,NA,NA,NA,NA,NA,NA,NA,NA,NA,NA,NA,NA,NA,NA
NA,NA,NA,NA,NA,NA,NA,NA,NA,NA,NA,NA,NA,NA,NA,NA,NA,NA,NA,NA,NA,NA
NA,NA,NA,NA,NA,NA,NA,NA,NA,NA,NA,NA,NA,NA,NA,NA,NA,NA,NA,NA,NA,NA
NA,NA,NA,NA,NA,NA,NA,NA,NA,NA,NA,NA,NA,NA,NA,NA,NA,NA,NA,NA,NA,NA
NA,NA,NA,NA,NA,NA,NA,NA,NA,NA,NA,NA,NA,NA,NA,NA,NA,NA,NA,NA,NA,NA
NA,NA,NA,NA,NA,NA,NA,NA,NA,NA,NA,NA,NA,NA,NA,NA,NA,NA,NA,NA,NA,NA
NA,NA,NA,NA,NA,NA,NA,NA,NA,NA,NA,NA,NA,NA,NA,NA,NA,NA,NA,NA,NA,NA
NA,NA,NA,NA,NA,NA,NA,NA,NA,NA,NA,NA,NA,NA,NA,NA,NA,NA,NA,NA,NA,NA
NA,NA,NA,NA,NA,NA,NA,NA,NA,NA,NA,NA,NA,NA,NA,NA,NA,NA,NA,NA,NA,NA
NA,NA,NA,NA,NA,NA,NA,NA,NA,NA,NA,NA,NA,NA,NA,NA,NA,NA,NA,NA,NA,NA
NA,NA,NA,NA,NA,NA,NA,NA,NA,NA,NA,NA,NA,NA,NA,NA,NA,NA,NA,NA,NA,NA
NA,NA,NA,NA,NA,NA,NA,NA,NA,NA,NA,NA,NA,NA,NA,NA,NA,NA,NA,NA,NA,NA
NA,NA,NA,NA,NA,NA,NA,NA,NA,NA,NA,NA,NA,NA,NA,NA,NA,NA,NA,NA,NA,NA
NA,NA,NA,NA,NA,NA,NA,NA,NA,NA,NA,NA,NA,NA,NA,NA,NA,NA,NA,NA,NA,NA
NA,NA,NA,NA,NA,NA,NA,NA,NA,NA,NA,NA,NA,NA,NA,NA,NA,NA,NA,NA,NA,NA
NA,NA,NA,NA,NA,NA,NA,NA,NA,NA,NA,NA,NA,NA,NA,NA,NA,NA,NA,NA,NA,NA
NA,NA,NA,NA,NA,NA,NA,NA,NA,NA,NA,NA,NA,NA,NA,NA,NA,NA,NA,NA,NA,NA
NA,NA,NA,NA,NA,NA,NA,NA,NA,NA,NA,NA,NA,NA,NA,NA,NA,NA,NA,NA,NA,NA
NA,NA,NA,NA,NA,NA,NA,NA,NA,NA,NA,NA,NA,NA,NA,NA,NA,NA,NA,NA,NA,NA
NA,NA,NA,NA,NA,NA,NA,NA,NA,NA,NA,NA,NA,NA,NA,NA,NA,NA,NA,NA,NA,NA
NA,NA,NA,NA,NA,NA,NA,NA,NA,NA,NA,NA,NA,NA,NA,NA,NA,NA,NA,NA,NA,NA
NA,NA,NA,NA,NA,NA,NA,NA,NA,NA,NA,NA,NA,NA,NA,NA,NA,NA,NA,NA,NA,NA
NA,NA,NA,NA,NA,NA,NA,NA,NA,NA,NA,NA,NA,NA,NA,NA,NA,NA,NA,NA,NA,NA
NA,NA,NA,NA,NA,NA,NA,NA,NA,NA,NA,NA,NA,NA,NA,NA,NA,NA,NA,NA,NA,NA
NA,NA,NA,NA,NA,NA,NA,NA,NA,NA,NA,NA,NA,NA,NA,NA,NA,NA,NA,NA,NA,NA
NA,NA,NA,NA,NA,NA,NA,NA,NA,NA,NA,NA,NA,NA,NA,NA,NA,NA,NA,NA,NA,NA
NA,NA,NA,NA,NA,NA,NA,NA,NA,NA,NA,NA,NA,NA,NA,NA,NA,NA,NA,NA,NA,NA
NA,NA,NA,NA,NA,NA,NA,NA,NA,NA,NA,NA,NA,NA,NA,NA,NA,NA,NA,NA,NA,NA
NA,NA,NA,NA,NA,NA,NA,NA,NA,NA,NA,NA,NA,NA,NA,NA,NA,NA,NA,NA,NA,NA
NA,NA,NA,NA,NA,NA,NA,NA,NA,NA,NA,NA,NA,NA,NA,NA,NA,NA,NA,NA,NA,NA
NA,NA,NA,NA,NA,NA,NA,NA,NA,NA,NA,NA,NA,NA,NA,NA,NA,NA,NA,NA,NA,NA
NA,NA,NA,NA,NA,NA,NA,NA,NA,NA,NA,NA,NA,NA,NA,NA,NA,NA,NA,NA,NA,NA
NA,NA,NA,NA,NA,NA,NA,NA,NA,NA,NA,NA,NA,NA,NA,NA,NA,NA,NA,NA,NA,NA
NA,NA,NA,NA,NA,NA,NA,NA,NA,NA,NA,NA,NA,NA,NA,NA,NA,NA,NA,NA,NA,NA
NA,NA,NA,NA,NA,NA,NA,NA,NA,NA,NA,NA,NA,NA,NA,NA,NA,NA,NA,NA,NA,NA
NA,NA,NA,NA,NA,NA,NA,NA,NA,NA,NA,NA,NA,NA,NA,NA,NA,NA,NA,NA,NA,NA
NA,NA,NA,NA,NA,NA,NA,NA,NA,NA,NA,NA,NA,NA,NA,NA,NA,NA,NA,NA,NA,NA
NA,NA,NA,NA,NA,NA,NA,NA,NA,NA,NA,NA,NA,NA,NA,NA,NA,NA,NA,NA,NA,NA
NA,NA,NA,NA,NA,NA,NA,NA,NA,NA,NA,NA,NA,NA,NA,NA,NA,NA,NA,NA,NA,NA
NA,NA,NA,NA,NA,NA,NA,NA,NA,NA,NA,NA,NA,NA,NA,NA,NA,NA,NA,NA,NA,NA
NA,NA,NA,NA,NA,NA,NA,NA,NA,NA,NA,NA,NA,NA,NA,NA,NA,NA,NA,NA,NA,NA
NA,NA,NA,NA,NA,NA,NA,NA,NA,NA,NA,NA,NA,NA,NA,NA,NA,NA,NA,NA,NA,NA
NA,NA,NA,NA,NA,NA,NA,NA,NA,NA,NA,NA,NA,NA,NA,NA,NA,NA,NA,NA,NA,NA
NA,NA,NA,NA,NA,NA,NA,NA,NA,NA,NA,NA,NA,NA,NA,NA,NA,NA,NA,NA,NA,NA
NA,NA,NA,NA,NA,NA,NA,NA,NA,NA,NA,NA,NA,NA,NA,NA,NA,NA,NA,NA,NA,NA
NA,NA,NA,NA,NA,NA,NA,NA,NA,NA,NA,NA,NA,NA,NA,NA,NA,NA,NA,NA,NA,NA
NA,NA,NA,NA,NA,NA,NA,NA,NA,NA,NA,NA,NA,NA,NA,NA,NA,NA,NA,NA,NA,NA
NA,NA,NA,NA,NA,NA,NA,NA,NA,NA,NA,NA,NA,NA,NA,NA,NA,NA,NA,NA,NA,NA
NA,NA,NA,NA,NA,NA,NA,NA,NA,NA,NA,NA,NA,NA,NA,NA,NA,NA,NA,NA,NA,NA
NA,NA,NA,NA,NA,NA,NA,NA,NA,NA,NA,NA,NA,NA,NA,NA,NA,NA,NA,NA,NA,NA
NA,NA,NA,NA,NA,NA,NA,NA,NA,NA,NA,NA,NA,NA,NA,NA,NA,NA,NA,NA,NA,NA
NA,NA,NA,NA,NA,NA,NA,NA,NA,NA,NA,NA,NA,NA,NA,NA,NA,NA,NA,NA,NA,NA
NA,NA,NA,NA,NA,NA,NA,NA,NA,NA,NA,NA,NA,NA,NA,NA,NA,NA,NA,NA,NA,NA
NA,NA,NA,NA,NA,NA,NA,NA,NA,NA,NA,NA,NA,NA,NA,NA,NA,NA,NA,NA,NA,NA
NA,NA,NA,NA,NA,NA,NA,NA,NA,NA,NA,NA,NA,NA,NA,NA,NA,NA,NA,NA,NA,NA
NA,NA,NA,NA,NA,NA,NA,NA,NA,NA,NA,NA,NA,NA,NA,NA,NA,NA,NA,NA,NA,NA
NA,NA,NA,NA,NA,NA,NA,NA,NA,NA,NA,NA,NA,NA,NA,NA,NA,NA,NA,NA,NA,NA
NA,NA,NA,NA,NA,NA,NA,NA,NA,NA,NA,NA,NA,NA,NA,NA,NA,NA,NA,NA,NA,NA
